{
    "item": {
        "$": {
            "name": "MacMcGee_Big",
            "key": "macmcgee_big",
            "id": "{17B4FF0F-2152-4656-AF76-9227ED387168}",
            "tid": "{EB3FB96C-D56B-4AC9-97F8-F07B24BB9BF7}",
            "mid": "{00000000-0000-0000-0000-000000000000}",
            "sortorder": "100",
            "language": "en",
            "version": "1",
            "template": "jpeg",
            "parentid": "{84485E15-D47A-413F-AE12-ED003A69E54A}",
            "created": "20161228T174206Z"
        },
        "fields": {
            "field": [
                {
                    "$": {
                        "tfid": "{5DD74568-4D4B-44C1-B513-0AF5F4CDA34F}",
                        "key": "__created by",
                        "type": "Single-Line Text"
                    },
                    "content": "airgroup\\bshields"
                },
                {
                    "$": {
                        "tfid": "{6405CC9E-9CA1-44A1-ADF8-0DECF05071CE}",
                        "key": "dimensions",
                        "type": "Single-Line Text"
                    },
                    "content": "177 x 132"
                },
                {
                    "$": {
                        "tfid": "{BADD9CF9-53E0-4D0C-BCC0-2D784C282F6A}",
                        "key": "__updated by",
                        "type": "Single-Line Text"
                    },
                    "content": "airgroup\\bshields"
                },
                {
                    "$": {
                        "tfid": "{5BE6C122-84C9-4661-A0C9-3718909C8DAD}",
                        "key": "size",
                        "type": "Single-Line Text"
                    },
                    "content": "6331"
                },
                {
                    "$": {
                        "tfid": "{8CDC337E-A112-42FB-BBB4-4143751E123F}",
                        "key": "__revision",
                        "type": "Single-Line Text"
                    },
                    "content": "cc761c32-22d6-4f55-879d-bb66b7042e12"
                },
                {
                    "$": {
                        "tfid": "{611BA5DD-8D26-4C9B-A95D-900AC94CB32A}",
                        "key": "height",
                        "type": "Single-Line Text"
                    },
                    "content": "132"
                },
                {
                    "$": {
                        "tfid": "{3EB149F8-DE14-4220-A8F4-9E723CFAE5D9}",
                        "key": "extension",
                        "type": "Single-Line Text"
                    },
                    "content": "jpg"
                },
                {
                    "$": {
                        "tfid": "{8CF45D0E-ADD4-4772-911A-AC6FC50F9C7D}",
                        "key": "alt",
                        "type": "Single-Line Text"
                    },
                    "content": "macmcgee"
                },
                {
                    "$": {
                        "tfid": "{DBBE7D99-1388-4357-BB34-AD71EDF18ED3}",
                        "key": "blob",
                        "type": "attachment"
                    },
                    "content": "{96CE4EED-411D-4965-81A6-F180535BBA2D}"
                },
                {
                    "$": {
                        "tfid": "{ABA5CE58-6D8F-43A4-B4FA-B181651347DD}",
                        "key": "mime type",
                        "type": "Single-Line Text"
                    },
                    "content": "image/jpeg"
                },
                {
                    "$": {
                        "tfid": "{D8E619C3-2D16-47F4-AD3B-C68103DF86C2}",
                        "key": "width",
                        "type": "Single-Line Text"
                    },
                    "content": "177"
                },
                {
                    "$": {
                        "tfid": "{25BED78C-4957-4165-998A-CA1B52F67497}",
                        "key": "__created",
                        "type": "datetime"
                    },
                    "content": "20161228T174206Z"
                },
                {
                    "$": {
                        "tfid": "{52807595-0F8F-4B20-8D2A-CB71D28C6103}",
                        "key": "__owner",
                        "type": "Single-Line Text"
                    },
                    "content": "airgroup\\bshields"
                },
                {
                    "$": {
                        "tfid": "{D9CF14B1-FA16-4BA6-9288-E8A174D4D522}",
                        "key": "__updated",
                        "type": "datetime"
                    },
                    "content": "20161228T174210Z"
                },
                {
                    "$": {
                        "tfid": "{06D5295C-ED2F-4A54-9BF2-26228D113318}",
                        "key": "__icon",
                        "type": "Icon"
                    },
                    "content": "-/media/17B4FF0F21524656AF769227ED387168.ashx?h=16&thn=1&w=16"
                }
            ]
        }
    }
}