{
    "item": {
        "$": {
            "name": "dream-foundation-sm",
            "key": "dream-foundation-sm",
            "id": "{11F4774C-920F-4EF2-94B3-31D8BCF0DCBB}",
            "tid": "{C97BA923-8009-4858-BDD5-D8BE5FCCECF7}",
            "mid": "{00000000-0000-0000-0000-000000000000}",
            "sortorder": "100",
            "language": "en",
            "version": "1",
            "template": "image",
            "parentid": "{6136EC13-9BC9-4D9F-8A52-B3B87C374012}",
            "created": "20170307T220920Z"
        },
        "fields": {
            "field": [
                {
                    "$": {
                        "tfid": "{5DD74568-4D4B-44C1-B513-0AF5F4CDA34F}",
                        "key": "__created by",
                        "type": "Single-Line Text"
                    },
                    "content": "airgroup\\bshields"
                },
                {
                    "$": {
                        "tfid": "{6405CC9E-9CA1-44A1-ADF8-0DECF05071CE}",
                        "key": "dimensions",
                        "type": "Single-Line Text"
                    },
                    "content": "158 x 42"
                },
                {
                    "$": {
                        "tfid": "{BADD9CF9-53E0-4D0C-BCC0-2D784C282F6A}",
                        "key": "__updated by",
                        "type": "Single-Line Text"
                    },
                    "content": "sitecore\\virtualssuser"
                },
                {
                    "$": {
                        "tfid": "{5BE6C122-84C9-4661-A0C9-3718909C8DAD}",
                        "key": "size",
                        "type": "Single-Line Text"
                    },
                    "content": "5000"
                },
                {
                    "$": {
                        "tfid": "{8CDC337E-A112-42FB-BBB4-4143751E123F}",
                        "key": "__revision",
                        "type": "Single-Line Text"
                    },
                    "content": "dbdfcd48-f5f9-49c2-859d-f15c94d35887"
                },
                {
                    "$": {
                        "tfid": "{611BA5DD-8D26-4C9B-A95D-900AC94CB32A}",
                        "key": "height",
                        "type": "Single-Line Text"
                    },
                    "content": "42"
                },
                {
                    "$": {
                        "tfid": "{3EB149F8-DE14-4220-A8F4-9E723CFAE5D9}",
                        "key": "extension",
                        "type": "Single-Line Text"
                    },
                    "content": "png"
                },
                {
                    "$": {
                        "tfid": "{8CF45D0E-ADD4-4772-911A-AC6FC50F9C7D}",
                        "key": "alt",
                        "type": "Single-Line Text"
                    },
                    "content": "Dream Foundation logo"
                },
                {
                    "$": {
                        "tfid": "{DBBE7D99-1388-4357-BB34-AD71EDF18ED3}",
                        "key": "blob",
                        "type": "attachment"
                    },
                    "content": "{EB369E81-E2F7-4127-9177-4AB2596A12CC}"
                },
                {
                    "$": {
                        "tfid": "{001DD393-96C5-490B-924A-B0F25CD9EFD8}",
                        "key": "__lock",
                        "type": "Multi-Line Text"
                    },
                    "content": "<r />"
                },
                {
                    "$": {
                        "tfid": "{ABA5CE58-6D8F-43A4-B4FA-B181651347DD}",
                        "key": "mime type",
                        "type": "Single-Line Text"
                    },
                    "content": "image/png"
                },
                {
                    "$": {
                        "tfid": "{D8E619C3-2D16-47F4-AD3B-C68103DF86C2}",
                        "key": "width",
                        "type": "Single-Line Text"
                    },
                    "content": "158"
                },
                {
                    "$": {
                        "tfid": "{25BED78C-4957-4165-998A-CA1B52F67497}",
                        "key": "__created",
                        "type": "datetime"
                    },
                    "content": "20170307T220920Z"
                },
                {
                    "$": {
                        "tfid": "{52807595-0F8F-4B20-8D2A-CB71D28C6103}",
                        "key": "__owner",
                        "type": "Single-Line Text"
                    },
                    "content": "airgroup\\bshields"
                },
                {
                    "$": {
                        "tfid": "{D9CF14B1-FA16-4BA6-9288-E8A174D4D522}",
                        "key": "__updated",
                        "type": "datetime"
                    },
                    "content": "20180507T164132Z"
                },
                {
                    "$": {
                        "tfid": "{06D5295C-ED2F-4A54-9BF2-26228D113318}",
                        "key": "__icon",
                        "type": "Icon"
                    },
                    "content": "-/media/11F4774C920F4EF294B331D8BCF0DCBB.ashx?h=16&thn=1&w=16"
                }
            ]
        }
    }
}