{
    "item": {
        "$": {
            "name": "Text Alignment",
            "key": "text alignment",
            "id": "{0BB12A7D-A0A6-4755-AB5A-F94262C315ED}",
            "tid": "{DBCB5025-0892-40CB-AF2B-F584B94DD132}",
            "mid": "{00000000-0000-0000-0000-000000000000}",
            "sortorder": "100",
            "language": "en",
            "version": "1",
            "template": "configuration group",
            "parentid": "{AA19C275-E1BF-43A8-AA0D-69B10150B3B4}",
            "created": "20190613T165944Z"
        },
        "fields": {
            "field": [
                {
                    "$": {
                        "tfid": "{5DD74568-4D4B-44C1-B513-0AF5F4CDA34F}",
                        "key": "__created by",
                        "type": "Single-Line Text"
                    },
                    "content": "sitecore\\Admin"
                },
                {
                    "$": {
                        "tfid": "{BADD9CF9-53E0-4D0C-BCC0-2D784C282F6A}",
                        "key": "__updated by",
                        "type": "Single-Line Text"
                    },
                    "content": "sitecore\\unicorn"
                },
                {
                    "$": {
                        "tfid": "{8CDC337E-A112-42FB-BBB4-4143751E123F}",
                        "key": "__revision",
                        "type": "Single-Line Text"
                    },
                    "content": "e114a7f8-2934-4099-a46a-d00662ee2763"
                },
                {
                    "$": {
                        "tfid": "{25BED78C-4957-4165-998A-CA1B52F67497}",
                        "key": "__created",
                        "type": "datetime"
                    },
                    "content": "20190605T232507Z"
                },
                {
                    "$": {
                        "tfid": "{D9CF14B1-FA16-4BA6-9288-E8A174D4D522}",
                        "key": "__updated",
                        "type": "datetime"
                    },
                    "content": "20190613T165944Z"
                }
            ]
        }
    }
}