{
    "item": {
        "$": {
            "name": "Cargo Info",
            "key": "cargo info",
            "id": "{F34C9594-7C4B-41DA-9880-7AFFF1273288}",
            "tid": "{DBCB5025-0892-40CB-AF2B-F584B94DD132}",
            "mid": "{00000000-0000-0000-0000-000000000000}",
            "sortorder": "100",
            "language": "en",
            "version": "1",
            "template": "configuration group",
            "parentid": "{DCE55687-EBA8-496C-8580-6EAE5680DF6F}",
            "created": "20170215T225356Z"
        },
        "fields": {
            "field": [
                {
                    "$": {
                        "tfid": "{5DD74568-4D4B-44C1-B513-0AF5F4CDA34F}",
                        "key": "__created by",
                        "type": "Single-Line Text"
                    },
                    "content": "sitecore\\admin"
                },
                {
                    "$": {
                        "tfid": "{BADD9CF9-53E0-4D0C-BCC0-2D784C282F6A}",
                        "key": "__updated by",
                        "type": "Single-Line Text"
                    },
                    "content": "sitecore\\bshields"
                },
                {
                    "$": {
                        "tfid": "{8CDC337E-A112-42FB-BBB4-4143751E123F}",
                        "key": "__revision",
                        "type": "Single-Line Text"
                    },
                    "content": "48e0ef84-4e24-40b3-ab57-e22d3ec31aed"
                },
                {
                    "$": {
                        "tfid": "{25BED78C-4957-4165-998A-CA1B52F67497}",
                        "key": "__created",
                        "type": "datetime"
                    },
                    "content": "20170215T225356Z"
                },
                {
                    "$": {
                        "tfid": "{52807595-0F8F-4B20-8D2A-CB71D28C6103}",
                        "key": "__owner",
                        "type": "Single-Line Text"
                    },
                    "content": "sitecore\\admin"
                },
                {
                    "$": {
                        "tfid": "{D9CF14B1-FA16-4BA6-9288-E8A174D4D522}",
                        "key": "__updated",
                        "type": "datetime"
                    },
                    "content": "20181128T172431Z"
                },
                {
                    "$": {
                        "tfid": "{1172F251-DAD4-4EFB-A329-0C63500E4F1E}",
                        "key": "__masters",
                        "type": "TreelistEx"
                    },
                    "content": "{135C640D-9367-495A-A003-FCA920067E87}"
                },
                {
                    "$": {
                        "tfid": "{DEC8D2D5-E3CF-48B6-A653-8E69E2716641}",
                        "key": "__security",
                        "type": "security"
                    },
                    "content": "ar|sitecore\\Content Producer|pe|^*|pd|^*|"
                }
            ]
        }
    }
}