{
    "item": {
        "$": {
            "name": "IsHomepageLayout",
            "key": "ishomepagelayout",
            "id": "{B5FBB201-21BD-40FC-87BA-F8BA484FAC43}",
            "tid": "{455A3E98-A627-4B40-8035-E683A0331AC7}",
            "mid": "{00000000-0000-0000-0000-000000000000}",
            "sortorder": "200",
            "language": "en",
            "version": "1",
            "template": "template field",
            "parentid": "{C8922977-199C-4DE3-9C34-D62D6B840DE3}",
            "created": "20180327T013438Z"
        },
        "fields": {
            "field": [
                {
                    "$": {
                        "tfid": "{5DD74568-4D4B-44C1-B513-0AF5F4CDA34F}",
                        "key": "__created by",
                        "type": "Single-Line Text"
                    },
                    "content": "sitecore\\Admin"
                },
                {
                    "$": {
                        "tfid": "{C8F93AFE-BFD4-4E8F-9C61-152559854661}",
                        "key": "__valid from",
                        "type": "datetime"
                    },
                    "content": ""
                },
                {
                    "$": {
                        "tfid": "{BADD9CF9-53E0-4D0C-BCC0-2D784C282F6A}",
                        "key": "__updated by",
                        "type": "Single-Line Text"
                    },
                    "content": "sitecore\\unicorn"
                },
                {
                    "$": {
                        "tfid": "{8CDC337E-A112-42FB-BBB4-4143751E123F}",
                        "key": "__revision",
                        "type": "Single-Line Text"
                    },
                    "content": "3f85b7c8-2649-4b0c-87cc-b72960c768bf"
                },
                {
                    "$": {
                        "tfid": "{4C346442-E859-4EFD-89B2-44AEDF467D21}",
                        "key": "__valid to",
                        "type": "datetime"
                    },
                    "content": ""
                },
                {
                    "$": {
                        "tfid": "{25BED78C-4957-4165-998A-CA1B52F67497}",
                        "key": "__created",
                        "type": "datetime"
                    },
                    "content": "20180319T190315Z"
                },
                {
                    "$": {
                        "tfid": "{D9CF14B1-FA16-4BA6-9288-E8A174D4D522}",
                        "key": "__updated",
                        "type": "datetime"
                    },
                    "content": "20180327T013438Z"
                },
                {
                    "$": {
                        "tfid": "{BA3F86A2-4A1C-4D78-B63D-91C2779C1B5E}",
                        "key": "__sortorder",
                        "type": "Single-Line Text"
                    },
                    "content": "200"
                },
                {
                    "$": {
                        "tfid": "{AB162CC0-DC80-4ABF-8871-998EE5D7BA32}",
                        "key": "type",
                        "type": "Grouped Droplist"
                    },
                    "content": "Checkbox"
                }
            ]
        }
    }
}