{
    "item": {
        "$": {
            "name": "AS1906",
            "key": "as1906",
            "id": "{540B47B3-AE6B-499A-A5FA-0F9D63C2B363}",
            "tid": "{3515DFA5-C29B-43C6-89BC-3BCCC02DB3F8}",
            "mid": "{00000000-0000-0000-0000-000000000000}",
            "sortorder": "100",
            "language": "en",
            "version": "1",
            "template": "custompromo",
            "parentid": "{C5FDFA1C-0C1A-4FBB-80F6-AE8FEC232151}",
            "created": "20190422T160707Z"
        },
        "fields": {
            "field": [
                {
                    "$": {
                        "tfid": "{B8F42732-9CB8-478D-AE95-07E25345FB0F}",
                        "key": "__hide version",
                        "type": "checkbox"
                    },
                    "content": ""
                },
                {
                    "$": {
                        "tfid": "{5DD74568-4D4B-44C1-B513-0AF5F4CDA34F}",
                        "key": "__created by",
                        "type": "Single-Line Text"
                    },
                    "content": "sitecore\\evotch"
                },
                {
                    "$": {
                        "tfid": "{C8F93AFE-BFD4-4E8F-9C61-152559854661}",
                        "key": "__valid from",
                        "type": "datetime"
                    },
                    "content": "20190226T190000Z"
                },
                {
                    "$": {
                        "tfid": "{421162AE-0544-4BB6-BBB5-27BD5D36C87D}",
                        "key": "a",
                        "type": "Rich Text"
                    },
                    "content": ""
                },
                {
                    "$": {
                        "tfid": "{BADD9CF9-53E0-4D0C-BCC0-2D784C282F6A}",
                        "key": "__updated by",
                        "type": "Single-Line Text"
                    },
                    "content": "sitecore\\ccurtis"
                },
                {
                    "$": {
                        "tfid": "{8CDC337E-A112-42FB-BBB4-4143751E123F}",
                        "key": "__revision",
                        "type": "Single-Line Text"
                    },
                    "content": "8a0131a7-a37d-420b-a914-ae803f07a7e7"
                },
                {
                    "$": {
                        "tfid": "{D2D88CF4-BBB2-4E33-A119-57A4B9DEFEF7}",
                        "key": "terms",
                        "type": "Rich Text"
                    },
                    "content": "<p class=\"fine-print\">\n<strong>Terms and conditions: </strong></p>\n<p>Limited time offer: Double Miles for Alaska Airlines Mileage Plan&trade; members who fly a qualifying nonstop flight between September 8, 2019 and October 10, 2019 between Spokane (GEG) and Seattle (SEA).  Member must register for the promotion at <a href=\"//www.alaskaair.com/PUW\">https://www.alaskaair.com/PUW</a> before the first qualifying flight. Flight must be marketed by Alaska Airlines and operated by Alaska Airlines, Horizon Air, or SkyWest. Mileage for qualifying flights must be credited to a member&rsquo;s Mileage Plan&trade; account. Not valid on free or award travel. Double Miles do not count towards Mileage Plan&trade; Elite Status. Double Miles will be awarded within four to six weeks of meeting the promotion&rsquo;s qualifications. All terms and conditions of the Mileage Plan&trade; program apply. Offer subject to change without notice.</p>"
                },
                {
                    "$": {
                        "tfid": "{A5A02CF1-9D8D-4449-B904-5BDCF33ECC88}",
                        "key": "data",
                        "type": "Rich Text"
                    },
                    "content": "{\"id\":\"AS1906\", \"name\":\"Pullman Double Miles Promotion\", \"companyName\":\"Mileage Plan number and\", \"startDate\":\"4/26/2019\", \"endDate\":\"10/14/2019\", \"emailDomains\":[\"\"],\"RequireEmailValidation\":\"false\",\"promoName\":\"AS1906 Pullman Double Miles Promotion\", \"IsJoinOnly\":\"false\" }"
                },
                {
                    "$": {
                        "tfid": "{C3950F71-EF1E-4DD6-B356-780C544EDA93}",
                        "key": "logo",
                        "type": "Rich Text"
                    },
                    "content": "<img style=\"display:block;\" width=\"200\" src=\"-/media/4A1CC3AF26F449ECBC665B37DD3CEB3E\" alt=\"Alaska Mileage Plan\">"
                },
                {
                    "$": {
                        "tfid": "{D5D5017F-50CD-42AB-84D8-A3974C9C0811}",
                        "key": "b",
                        "type": "Rich Text"
                    },
                    "content": "<!-- <strong>Content B</strong>\n<p>\nLorem ipsum dolor sit amet, consectetur adipiscing elit. Cras mi nunc, scelerisque sit amet finibus ut, tempus vel nisl. Etiam odio lorem, efficitur suscipit dignissim quis, posuere at neque. Donec dictum justo eget tortor cursus, ac iaculis nisi facilisis. Suspendisse hendrerit posuere tortor. Suspendisse quis mollis ex. Ut viverra vel nibh id eleifend. Suspendisse potenti.\n</p>  -->"
                },
                {
                    "$": {
                        "tfid": "{001DD393-96C5-490B-924A-B0F25CD9EFD8}",
                        "key": "__lock",
                        "type": "Multi-Line Text"
                    },
                    "content": "<r owner=\"sitecore\\ccurtis\" date=\"20200123T203909Z\" />"
                },
                {
                    "$": {
                        "tfid": "{1F6751F2-9550-47F6-BF82-B5DFA9282650}",
                        "key": "intro",
                        "type": "Rich Text"
                    },
                    "content": "<h1>Earn twice the miles flying between Spokane and Seattle.</h1>\n<p>Mark your calendars: the Pullman-Moscow Regional Airport <a href=\"//www.alaskaair.com/content/advisories/travel-advisories#puw\">will be closed for runway improvement work</a> from September 8 - October 10, 2019.  Planning a trip during that time? We recommend booking flights through Spokane International Airport instead.</p>\n<p>We get it &ndash; heading to Spokane to catch a flight isn&rsquo;t ideal.  That&rsquo;s why we&rsquo;re offering a silver lining by  doubling your incentive to make that drive.   </p>\n<br />\n<p><strong>Here's our offer:</strong></p>\n<p>From September 8 &ndash; October 10, 2019, <a href=\"//www.alaskaair.com/content/mileage-plan\">Mileage Plan&trade; </a>members who fly with us between Spokane and Seattle can earn twice the miles on every flight.</p>\n<p>Since Mileage Plan members earn by distance, not by the dollar, this double miles offer gets you closer to sweeter rewards, faster.</p>\n<p>Not a Mileage Plan member yet?  <a href=\"//www.alaskaair.com/account/join-mileage-plan\">Join now</a>.</p>\n<br />\n<p><strong>Here&rsquo;s how it works:</strong></p>\n<ol>\n    <li>Register your Mileage Plan number below before your first qualifying flight.  </li>\n    <li>From September 8 - October 10, 2019, fly nonstop between Spokane and Seattle on Alaska Airlines.</li>\n    <li>Double miles will be credited to your Mileage Plan account within 4-6 weeks of your trip. </li>\n</ol>\n<br />\n<p><a href=\"#register-form\"></a></p>\n<a href=\"#register-form\">\n</a><a name=\"register-form\"></a>"
                },
                {
                    "$": {
                        "tfid": "{2446FFE8-6940-4AB0-A93D-C4B7F99243E3}",
                        "key": "hero",
                        "type": "Rich Text"
                    },
                    "content": "<style>\n    .heroContainer {\n    margin: 0px 0px 20px 0px!important;\n    }\n</style>"
                },
                {
                    "$": {
                        "tfid": "{25BED78C-4957-4165-998A-CA1B52F67497}",
                        "key": "__created",
                        "type": "datetime"
                    },
                    "content": "20170811T164040Z"
                },
                {
                    "$": {
                        "tfid": "{52807595-0F8F-4B20-8D2A-CB71D28C6103}",
                        "key": "__owner",
                        "type": "Single-Line Text"
                    },
                    "content": "sitecore\\evotch"
                },
                {
                    "$": {
                        "tfid": "{D9CF14B1-FA16-4BA6-9288-E8A174D4D522}",
                        "key": "__updated",
                        "type": "datetime"
                    },
                    "content": "20200123T203909Z"
                },
                {
                    "$": {
                        "tfid": "{E0466C9C-44D0-4EAA-A4CB-F0255F61BF52}",
                        "key": "c",
                        "type": "Rich Text"
                    },
                    "content": ""
                }
            ]
        }
    }
}