{
    "item": {
        "$": {
            "name": "AS1905",
            "key": "as1905",
            "id": "{A9E820F6-0F20-4F81-AC52-21FBC7EB83CD}",
            "tid": "{3515DFA5-C29B-43C6-89BC-3BCCC02DB3F8}",
            "mid": "{00000000-0000-0000-0000-000000000000}",
            "sortorder": "100",
            "language": "en",
            "version": "3",
            "template": "custompromo",
            "parentid": "{C5FDFA1C-0C1A-4FBB-80F6-AE8FEC232151}",
            "created": "20190322T134205Z"
        },
        "fields": {
            "field": [
                {
                    "$": {
                        "tfid": "{B8F42732-9CB8-478D-AE95-07E25345FB0F}",
                        "key": "__hide version",
                        "type": "checkbox"
                    },
                    "content": ""
                },
                {
                    "$": {
                        "tfid": "{5DD74568-4D4B-44C1-B513-0AF5F4CDA34F}",
                        "key": "__created by",
                        "type": "Single-Line Text"
                    },
                    "content": "sitecore\\sturner"
                },
                {
                    "$": {
                        "tfid": "{C8F93AFE-BFD4-4E8F-9C61-152559854661}",
                        "key": "__valid from",
                        "type": "datetime"
                    },
                    "content": "20190603T171718Z"
                },
                {
                    "$": {
                        "tfid": "{421162AE-0544-4BB6-BBB5-27BD5D36C87D}",
                        "key": "a",
                        "type": "Rich Text"
                    },
                    "content": ""
                },
                {
                    "$": {
                        "tfid": "{BADD9CF9-53E0-4D0C-BCC0-2D784C282F6A}",
                        "key": "__updated by",
                        "type": "Single-Line Text"
                    },
                    "content": "sitecore\\sturner"
                },
                {
                    "$": {
                        "tfid": "{8CDC337E-A112-42FB-BBB4-4143751E123F}",
                        "key": "__revision",
                        "type": "Single-Line Text"
                    },
                    "content": "06707114-b2f6-4edb-a260-e7b17976316f"
                },
                {
                    "$": {
                        "tfid": "{D2D88CF4-BBB2-4E33-A119-57A4B9DEFEF7}",
                        "key": "terms",
                        "type": "Rich Text"
                    },
                    "content": "<p class=\"fine-print\">\n*Limited Time Offer, Terms &amp; Conditions: Double Miles for Alaska Airlines Mileage Plan&trade; members who register for this promotion and fly one of the qualifying nonstop flights listed below between April 1 and December 31, 2019. Qualifying flights must be marketed and operated by Alaska Airlines, Inc. and nonstop between Los Angeles (LAX) and Baltimore (BWI), Boston (BOS), Fort Lauderdale (FLL), New York (JFK), Newark (EWR), Philadelphia (PHL), Washington-Dulles (IAD), or Washington-Reagan (DCA); between San Diego (SAN) and Baltimore (BWI), Boston (BOS), Newark (EWR), or Orlando (MCO); between San Francisco (SFO) and Baltimore (BWI), Boston (BOS), Fort Lauderdale (FLL), New York (JFK), Newark (EWR), Orlando (MCO), Philadelphia (PHL), Raleigh (RDU), Washington-Dulles (IAD), or Washington-Reagan (DCA); or between San Jose (SJC) and New York (JFK) or Newark (EWR). Mileage for qualifying flights must be credited to the member&rsquo;s Mileage Plan&trade; account. Member must register for the promotion at <a href=\"www.alaskaair.com/promo/AS1905\" target=\"_blank\">www.alaskaair.com/promo/AS1905</a> before the first qualifying flight. Offer not valid on free or award travel. Double miles do not count toward Mileage Plan&trade; elite status. Double Miles will be awarded within four to six weeks of meeting the promotion&rsquo;s qualifications. Unless they conflict with these terms, all terms and conditions of the Mileage Plan&trade; program apply, which can be found at <a href=\"https://www.alaskaair.com/content/mileage-plan/terms-and-conditions\" target=\"_blank\">https://www.alaskaair.com/content/mileage-plan/terms-and-conditions</a>. Offer subject to change without notice.</p>\n<hr />\n<div id=\"double-miles-tile-mobile\" class=\"visible-xs-block visible-sm-block\">\n<img style=\"display:block;\" width=\"200\" src=\"-/media/55B8D260D63C426ABC348FD7D62953C2\" alt=\"Coast to coast elite challenge\" />\n<h4>Coast to elite status after just two trips.</h4>\n<p>Earn Mileage Plan&trade; MVP<sup>&reg;</sup> status after just 2 round trips, or MVP&trade; Gold status after 4 round trips on qualifying coast to coast flights when you travel with us March 6 &mdash; May 31, 2019 .</p>\n<a href=\"https://www.alaskaair.com/promo/AS1904\">Register now</a>\n</div>"
                },
                {
                    "$": {
                        "tfid": "{A5A02CF1-9D8D-4449-B904-5BDCF33ECC88}",
                        "key": "data",
                        "type": "Rich Text"
                    },
                    "content": "{\"id\":\"AS1905\", \"name\":\"Transcon Double Miles Promotion\", \"companyName\":\"Mileage Plan number and\", \"startDate\":\"3/29/2019\", \"endDate\":\"12/31/2019\", \"emailDomains\":[\"\"],\"RequireEmailValidation\":\"false\",\"promoName\":\"AS1905 Transcon Double Miles Promotion\", \"IsJoinOnly\":\"false\" }"
                },
                {
                    "$": {
                        "tfid": "{C3950F71-EF1E-4DD6-B356-780C544EDA93}",
                        "key": "logo",
                        "type": "Rich Text"
                    },
                    "content": "<img style=\"display:block;\" width=\"200\" src=\"-/media/4A1CC3AF26F449ECBC665B37DD3CEB3E\" alt=\"Alaska Mileage Plan\" />\n<br />"
                },
                {
                    "$": {
                        "tfid": "{D5D5017F-50CD-42AB-84D8-A3974C9C0811}",
                        "key": "b",
                        "type": "Rich Text"
                    },
                    "content": "<!-- <strong>Content B</strong>\n<p>\nLorem ipsum dolor sit amet, consectetur adipiscing elit. Cras mi nunc, scelerisque sit amet finibus ut, tempus vel nisl. Etiam odio lorem, efficitur suscipit dignissim quis, posuere at neque. Donec dictum justo eget tortor cursus, ac iaculis nisi facilisis. Suspendisse hendrerit posuere tortor. Suspendisse quis mollis ex. Ut viverra vel nibh id eleifend. Suspendisse potenti.\n</p>  -->"
                },
                {
                    "$": {
                        "tfid": "{001DD393-96C5-490B-924A-B0F25CD9EFD8}",
                        "key": "__lock",
                        "type": "Multi-Line Text"
                    },
                    "content": "<r owner=\"sitecore\\sturner\" date=\"20190603T171721Z\" />"
                },
                {
                    "$": {
                        "tfid": "{1F6751F2-9550-47F6-BF82-B5DFA9282650}",
                        "key": "intro",
                        "type": "Rich Text"
                    },
                    "content": "<h1>Earn double miles flying nonstop coast to coast.</h1>\n<p>Now through the end of 2019, Mileage Plan&trade; members can jet nonstop between select California and East Coast destinations and land twice the miles on every flight.</p>\n<p>Since Mileage Plan members earn by distance, not by the dollar, this double miles offer gets you closer to sweet rewards, faster.</p>\n<p>Not a Mileage Plan member yet? <a href=\"https://www.alaskaair.com/account/join-mileage-plan\" target=\"_blank\">Join Now </a>. </p>\n<p>Here's how it works:</p>\n<ol>\n    <li>Register your Mileage Plan number below before your first qualifying flight.</li>\n    <li>From  April 1 through December 31, 2019, fly nonstop on Alaska Airlines between the cities listed below.</li>\n    <li>Presto! Double miles are credited to your Mileage Plan account.</li>\n</ol>\n<br />\n<h4>Which nonstop flights qualify for this double miles offer?</h4>\n<h5>West Coast departures between:</h5>\n<ul>\n    <li style=\"list-style-type:none;\"><strong>Los Angeles (LAX)</strong> and Baltimore (BWI), Boston (BOS), Fort Lauderdale (FLL), New York (JFK), Newark (EWR), Philadelphia (PHL), Washington-Dulles (IAD), or Washington-Reagan (DCA)</li>\n    <br />\n    <li style=\"list-style-type:none;\"><strong>San Diego (SAN)</strong> and Baltimore (BWI), Boston (BOS), Newark (EWR), or Orlando (MCO)</li>\n    <br />\n    <li style=\"list-style-type:none;\"><strong>San Francisco (SFO)</strong> and Baltimore (BWI), Boston (BOS), Fort Lauderdale (FLL), New York (JFK), Newark (EWR), Orlando (MCO), Philadelphia (PHL), Raleigh (RDU), Washington-Dulles (IAD), or Washington-Reagan (DCA)</li>\n    <br />\n    <li style=\"list-style-type:none;\"><strong>San Jose (SJC)</strong> and New York (JFK) or Newark (EWR)</li>\n</ul>\n<br />\n<h5>East Coast departures between:</h5>\n<ul>\n    <li style=\"list-style-type:none;\"><strong>New York (JFK)</strong> and Los Angeles (LAX), San Francisco (SFO), or San Jose (SJC)</li>\n    <br />\n    <li style=\"list-style-type:none;\"><strong>Newark (EWR)</strong> and Los Angeles (LAX), San Diego (SAN), San Francisco (SFO), or San Jose (SJC)</li>\n    <br />\n    <li style=\"list-style-type:none;\"><strong>Baltimore (BWI)</strong> and Los Angeles (LAX), San Diego (SAN), or San Francisco (SFO)</li>\n    <br />\n    <li style=\"list-style-type:none;\"><strong>Boston (BOS)</strong> and Los Angeles (LAX), San Diego (SAN), or San Francisco (SFO)</li>\n    <br />\n    <li style=\"list-style-type:none;\"><strong>Fort Lauderdale (FLL)</strong> and Los Angeles (LAX) or San Francisco (SFO)</li>\n    <br />\n    <li style=\"list-style-type:none;\"><strong>Orlando (MCO)</strong> and San Diego (SAN) or San Francisco (SFO)</li>\n    <br />\n    <li style=\"list-style-type:none;\"><strong>Philadelphia (PHL)</strong> and Los Angeles (LAX) or San Francisco (SFO)</li>\n    <br />\n    <li style=\"list-style-type:none;\"><strong>Raleigh (RDU) </strong> and San Francisco (SFO)</li>\n    <br />\n    <li style=\"list-style-type:none;\"><strong>Washington-Dulles (IAD)</strong> and Los Angeles (LAX) or San Francisco (SFO)</li>\n    <br />\n    <li style=\"list-style-type:none;\"><strong>Washington-Reagan (DCA)</strong> and Los Angeles (LAX) or San Francisco (SFO)</li>\n</ul>\n<br />\n<p><a href=\"#register-form\"></a></p>\n<a href=\"#register-form\">\n</a><a name=\"register-form\"></a>"
                },
                {
                    "$": {
                        "tfid": "{2446FFE8-6940-4AB0-A93D-C4B7F99243E3}",
                        "key": "hero",
                        "type": "Rich Text"
                    },
                    "content": "<style>\n    .heroContainer img {\n    width: 100%;\n    max-height: 400px;\n    }\n</style>\n<img src=\"-/media/2673E951EA9B4C5CBBF57A2CE3BC0506\" alt=\"Earn Double Miles Coast to Coast\" />\n\n"
                },
                {
                    "$": {
                        "tfid": "{25BED78C-4957-4165-998A-CA1B52F67497}",
                        "key": "__created",
                        "type": "datetime"
                    },
                    "content": "20190603T171718Z"
                },
                {
                    "$": {
                        "tfid": "{52807595-0F8F-4B20-8D2A-CB71D28C6103}",
                        "key": "__owner",
                        "type": "Single-Line Text"
                    },
                    "content": "sitecore\\evotch"
                },
                {
                    "$": {
                        "tfid": "{E0466C9C-44D0-4EAA-A4CB-F0255F61BF52}",
                        "key": "c",
                        "type": "Rich Text"
                    },
                    "content": ""
                },
                {
                    "$": {
                        "tfid": "{D9CF14B1-FA16-4BA6-9288-E8A174D4D522}",
                        "key": "__updated",
                        "type": "datetime"
                    },
                    "content": "20190603T171743Z"
                }
            ]
        }
    }
}