{
    "item": {
        "$": {
            "name": "EV",
            "key": "ev",
            "id": "{A98E2857-2CF2-4332-AD33-AF36867F19DB}",
            "tid": "{C97BA923-8009-4858-BDD5-D8BE5FCCECF7}",
            "mid": "{00000000-0000-0000-0000-000000000000}",
            "sortorder": "100",
            "language": "en",
            "version": "2",
            "template": "image",
            "parentid": "{CE6E4951-C874-4FF5-A0B8-BAEDD2E21817}",
            "created": "20101130T174114Z"
        },
        "fields": {
            "field": [
                {
                    "$": {
                        "tfid": "{5DD74568-4D4B-44C1-B513-0AF5F4CDA34F}",
                        "key": "__created by",
                        "type": "Single-Line Text"
                    },
                    "content": "airgroup\\bnilsso"
                },
                {
                    "$": {
                        "tfid": "{6405CC9E-9CA1-44A1-ADF8-0DECF05071CE}",
                        "key": "dimensions",
                        "type": "Single-Line Text"
                    },
                    "content": "45 x 20"
                },
                {
                    "$": {
                        "tfid": "{C8F93AFE-BFD4-4E8F-9C61-152559854661}",
                        "key": "__valid from",
                        "type": "datetime"
                    },
                    "content": "20110313T190824"
                },
                {
                    "$": {
                        "tfid": "{BADD9CF9-53E0-4D0C-BCC0-2D784C282F6A}",
                        "key": "__updated by",
                        "type": "Single-Line Text"
                    },
                    "content": "airgroup\\bnilsso"
                },
                {
                    "$": {
                        "tfid": "{5BE6C122-84C9-4661-A0C9-3718909C8DAD}",
                        "key": "size",
                        "type": "Single-Line Text"
                    },
                    "content": "2172"
                },
                {
                    "$": {
                        "tfid": "{8CDC337E-A112-42FB-BBB4-4143751E123F}",
                        "key": "__revision",
                        "type": "Single-Line Text"
                    },
                    "content": "5a6623ad-59c0-459f-b55c-41a790fade02"
                },
                {
                    "$": {
                        "tfid": "{611BA5DD-8D26-4C9B-A95D-900AC94CB32A}",
                        "key": "height",
                        "type": "Single-Line Text"
                    },
                    "content": "20"
                },
                {
                    "$": {
                        "tfid": "{3EB149F8-DE14-4220-A8F4-9E723CFAE5D9}",
                        "key": "extension",
                        "type": "Single-Line Text"
                    },
                    "content": "png"
                },
                {
                    "$": {
                        "tfid": "{8CF45D0E-ADD4-4772-911A-AC6FC50F9C7D}",
                        "key": "alt",
                        "type": "Single-Line Text"
                    },
                    "content": "ASA"
                },
                {
                    "$": {
                        "tfid": "{DBBE7D99-1388-4357-BB34-AD71EDF18ED3}",
                        "key": "blob",
                        "type": "attachment"
                    },
                    "content": "{CD3EE26E-0C2C-46F0-A986-1475584433FD}"
                },
                {
                    "$": {
                        "tfid": "{001DD393-96C5-490B-924A-B0F25CD9EFD8}",
                        "key": "__lock",
                        "type": "Multi-Line Text"
                    },
                    "content": "<r />"
                },
                {
                    "$": {
                        "tfid": "{D9CF14B1-FA16-4BA6-9288-E8A174D4D522}",
                        "key": "__updated",
                        "type": "datetime"
                    },
                    "content": "20110630T101340:634450256207617500"
                },
                {
                    "$": {
                        "tfid": "{ABA5CE58-6D8F-43A4-B4FA-B181651347DD}",
                        "key": "mime type",
                        "type": "Single-Line Text"
                    },
                    "content": "image/png"
                },
                {
                    "$": {
                        "tfid": "{D8E619C3-2D16-47F4-AD3B-C68103DF86C2}",
                        "key": "width",
                        "type": "Single-Line Text"
                    },
                    "content": "45"
                },
                {
                    "$": {
                        "tfid": "{25BED78C-4957-4165-998A-CA1B52F67497}",
                        "key": "__created",
                        "type": "datetime"
                    },
                    "content": "20110313T190824"
                },
                {
                    "$": {
                        "tfid": "{52807595-0F8F-4B20-8D2A-CB71D28C6103}",
                        "key": "__owner",
                        "type": "Single-Line Text"
                    },
                    "content": "airgroup\\v-dharn"
                },
                {
                    "$": {
                        "tfid": "{06D5295C-ED2F-4A54-9BF2-26228D113318}",
                        "key": "__icon",
                        "type": "Icon"
                    },
                    "content": "~/media/A98E28572CF24332AD33AF36867F19DB.ashx?h=16&thn=1&w=16"
                }
            ]
        }
    }
}