{
    "item": {
        "$": {
            "name": "__Standard Values",
            "key": "__standard values",
            "id": "{5E3E087B-2548-4C94-9F5A-686AA8DB8080}",
            "tid": "{62C68814-B529-49F6-891D-45B6BF13C6F4}",
            "mid": "{00000000-0000-0000-0000-000000000000}",
            "sortorder": "100",
            "language": "en",
            "version": "1",
            "template": "1col",
            "parentid": "{62C68814-B529-49F6-891D-45B6BF13C6F4}",
            "created": "20160916T225123Z"
        },
        "fields": {
            "field": [
                {
                    "$": {
                        "tfid": "{5DD74568-4D4B-44C1-B513-0AF5F4CDA34F}",
                        "key": "__created by",
                        "type": "Single-Line Text"
                    },
                    "content": "sitecore\\admin"
                },
                {
                    "$": {
                        "tfid": "{BADD9CF9-53E0-4D0C-BCC0-2D784C282F6A}",
                        "key": "__updated by",
                        "type": "Single-Line Text"
                    },
                    "content": "sitecore\\bshields"
                },
                {
                    "$": {
                        "tfid": "{8CDC337E-A112-42FB-BBB4-4143751E123F}",
                        "key": "__revision",
                        "type": "Single-Line Text"
                    },
                    "content": "db25ee51-846c-4b08-a11d-a248bb7bd20c"
                },
                {
                    "$": {
                        "tfid": "{4FFD1224-3236-4F9B-A0B8-59C75E0DF86F}",
                        "key": "container",
                        "type": "Single-Line Text"
                    },
                    "content": "container"
                },
                {
                    "$": {
                        "tfid": "{2151FDE1-791A-45C2-9AF0-70C5F3F1EB40}",
                        "key": "example-classes",
                        "type": "Rich Text"
                    },
                    "content": "<p>Use any of the available classes below.</p>\n<h3>Text Alignment</h3>\n<code>text-center, text-right, text-left, </code>\n<h3>Container</h3\n<code>container,container-hero</code>\n<h3>Colors</h3\n<code>bg-limeade,bg-nemo,bg-galapagos,bg-tropical,bg-atlas,bg-midnight, bg-breeze, bg-mist</code>\n<h3>Utilities</h3\n<code>no-bottom-margin, padding-v-100, padding-h-100 (every 10 pixels down to 0 are also available, like padding-v-20, or padding-h-0)</code>\n<p>Additionally checkout the <a href=\"https://getbootstrap.com/docs/3.3/css/#responsive-utilities\">bootstrap documentation</a> for more utility classes</p>"
                },
                {
                    "$": {
                        "tfid": "{25BED78C-4957-4165-998A-CA1B52F67497}",
                        "key": "__created",
                        "type": "datetime"
                    },
                    "content": "20160916T225123Z"
                },
                {
                    "$": {
                        "tfid": "{D9CF14B1-FA16-4BA6-9288-E8A174D4D522}",
                        "key": "__updated",
                        "type": "datetime"
                    },
                    "content": "20190613T185543Z"
                },
                {
                    "$": {
                        "tfid": "{F1A1FE9E-A60C-4DDB-A3A0-BB5B29FE732E}",
                        "key": "__renderings",
                        "type": "layout"
                    },
                    "content": "<r />"
                },
                {
                    "$": {
                        "tfid": "{3094D236-5985-4C4F-AE6A-E30740885532}",
                        "key": "caching",
                        "type": "Custom"
                    },
                    "content": "0|0|0|0|0|0|0|0"
                }
            ]
        }
    }
}