{
    "item": {
        "$": {
            "name": "JL1901",
            "key": "jl1901",
            "id": "{74098193-EA5E-4D52-AD10-E31C17767AA8}",
            "tid": "{3515DFA5-C29B-43C6-89BC-3BCCC02DB3F8}",
            "mid": "{00000000-0000-0000-0000-000000000000}",
            "sortorder": "100",
            "language": "en",
            "version": "1",
            "template": "custompromo",
            "parentid": "{C5FDFA1C-0C1A-4FBB-80F6-AE8FEC232151}",
            "created": "20190111T192934Z"
        },
        "fields": {
            "field": [
                {
                    "$": {
                        "tfid": "{5DD74568-4D4B-44C1-B513-0AF5F4CDA34F}",
                        "key": "__created by",
                        "type": "Single-Line Text"
                    },
                    "content": "sitecore\\evotch"
                },
                {
                    "$": {
                        "tfid": "{421162AE-0544-4BB6-BBB5-27BD5D36C87D}",
                        "key": "a",
                        "type": "Rich Text"
                    },
                    "content": ""
                },
                {
                    "$": {
                        "tfid": "{BADD9CF9-53E0-4D0C-BCC0-2D784C282F6A}",
                        "key": "__updated by",
                        "type": "Single-Line Text"
                    },
                    "content": "sitecore\\sturner"
                },
                {
                    "$": {
                        "tfid": "{8CDC337E-A112-42FB-BBB4-4143751E123F}",
                        "key": "__revision",
                        "type": "Single-Line Text"
                    },
                    "content": "b0b47cee-4576-40fc-9e99-ae1edef9c29c"
                },
                {
                    "$": {
                        "tfid": "{D2D88CF4-BBB2-4E33-A119-57A4B9DEFEF7}",
                        "key": "terms",
                        "type": "Rich Text"
                    },
                    "content": "<p class=\"fine-print\">Mileage Plan members who register for this promotion before their first qualifying flight will receive double base miles on nonstop Japan Airlines flights between Seattle (SEA), and Tokyo (NRT), for travel from March 31, 2019, through May 31, 2019. <strong> Double miles are valid on fares booked in J, C, D, X, I, Y, B, H, K, M, L, V, S, N, Q, O classes of service </strong>.  Percentage of base miles earned can be viewed on the <a href=\"//www.alaskaair.com/content/mileage-plan/how-to-earn-miles/airline-partners/japan-airlines\">Japan Airlines partner page</a>. <strong>Flights must be marketed and operated by Japan Airlines.</strong> Mileage for qualifying flights must be credited to the member's Mileage Plan account. Double miles earned are based on the class of service flown. The percentage earned can be viewed on the Japan Airlines partner page. The offer is not valid on free or award travel. Double miles do not count towards Mileage Plan elite status. Double miles will be awarded within four to six weeks of meeting the promotion's qualifications. All terms and conditions of the Mileage Plan program apply. The offer is subject to change without notice.</p>"
                },
                {
                    "$": {
                        "tfid": "{A5A02CF1-9D8D-4449-B904-5BDCF33ECC88}",
                        "key": "data",
                        "type": "Rich Text"
                    },
                    "content": "{\"id\":\"JL1901\", \"name\":\"JAL Double Miles\", \"companyName\":\"Mileage Plan number and\", \"startDate\":\"1/10/2019\", \"endDate\":\"5/31/2019\", \"emailDomains\":[\"\"],\"RequireEmailValidation\":\"false\",\"promoName\":\"JL1901 JAL Double Miles Promotion\", \"IsJoinOnly\":\"false\" }"
                },
                {
                    "$": {
                        "tfid": "{C3950F71-EF1E-4DD6-B356-780C544EDA93}",
                        "key": "logo",
                        "type": "Rich Text"
                    },
                    "content": "<img style=\"display:block;\" width=\"200\" src=\"-/media/4A1CC3AF26F449ECBC665B37DD3CEB3E\" alt=\"Alaska Mileage Plan\">\n<img style=\"display:block;padding-top:20px;\" width=\"200\" src=\"-/media/F1309A54EDBA4777A3A1A08AE271E97B\" alt=\"Japan Airlines logo\" />"
                },
                {
                    "$": {
                        "tfid": "{D5D5017F-50CD-42AB-84D8-A3974C9C0811}",
                        "key": "b",
                        "type": "Rich Text"
                    },
                    "content": "<!-- <strong>Content B</strong>\n<p>\nLorem ipsum dolor sit amet, consectetur adipiscing elit. Cras mi nunc, scelerisque sit amet finibus ut, tempus vel nisl. Etiam odio lorem, efficitur suscipit dignissim quis, posuere at neque. Donec dictum justo eget tortor cursus, ac iaculis nisi facilisis. Suspendisse hendrerit posuere tortor. Suspendisse quis mollis ex. Ut viverra vel nibh id eleifend. Suspendisse potenti.\n</p>  -->"
                },
                {
                    "$": {
                        "tfid": "{001DD393-96C5-490B-924A-B0F25CD9EFD8}",
                        "key": "__lock",
                        "type": "Multi-Line Text"
                    },
                    "content": "<r owner=\"sitecore\\sturner\" date=\"20190206T203104Z\" />"
                },
                {
                    "$": {
                        "tfid": "{1F6751F2-9550-47F6-BF82-B5DFA9282650}",
                        "key": "intro",
                        "type": "Rich Text"
                    },
                    "content": "\n<h1>Earn double miles on Japan Airlines flights between Seattle and Tokyo.</h1>\n<p>Just in time to experience this spring's cherry blossom season, our Global Partner Japan Airlines (JAL) will launch new daily nonstop service between Seattle and Tokyo. To celebrate, we've got a special offer designed to make jetting to Japan even sweeter.</p>  \n\n<p>Starting March 31, fly Japan Airlines nonstop between Seattle and Tokyo and earn double base miles on select Economy and Business Class fares along the way.</p>\n<p>Here's how it works:</p>\n<ul>\n    <li>Register your Mileage Plan<sup>&trade;</sup> number below before your first trip and no later than May 31, 2019.</li>\n    <li>Travel on qualifying Japan Airlines nonstop flights March 31, 2019 through May 31, 2019, and you'll earn double Mileage Plan miles.</li>\n</ul>\n\n<p>Book your flight at the <a href=\"http://www.ar.jal.co.jp/arl/en/?country=ar\" target=\"_blank\">Japan Airlines website  <span class=\"sr-only\">\"This indicates a link to an external site that may not meet accessibility guidelines.\"</span><span title=\"This indicates a link to an external site that may not meet accessibility guidelines.\"><sup><i class=\"stepout-icon blue\"></i></sup></span></a>.</p>\n\n<p>Learn more about our Mileage Plan partnership with <a href=\"//www.alaskaair.com/content/mileage-plan/how-to-earn-miles/airline-partners/japan-airlines\">Japan Airlines</a>.</p>\n\n\n<p><a href=\"#register-form\"></p>\n<a name=\"register-form\"></a>"
                },
                {
                    "$": {
                        "tfid": "{2446FFE8-6940-4AB0-A93D-C4B7F99243E3}",
                        "key": "hero",
                        "type": "Rich Text"
                    },
                    "content": "<!---<img src=\"//resource.alaskaair.net/-/media/Images/campaigns/reg-promo/uw-acq/DesktopImage\" alt=\"Alaska Airlines aircraft in flight\" />---><br />"
                },
                {
                    "$": {
                        "tfid": "{25BED78C-4957-4165-998A-CA1B52F67497}",
                        "key": "__created",
                        "type": "datetime"
                    },
                    "content": "20170811T164040Z"
                },
                {
                    "$": {
                        "tfid": "{52807595-0F8F-4B20-8D2A-CB71D28C6103}",
                        "key": "__owner",
                        "type": "Single-Line Text"
                    },
                    "content": "sitecore\\evotch"
                },
                {
                    "$": {
                        "tfid": "{D9CF14B1-FA16-4BA6-9288-E8A174D4D522}",
                        "key": "__updated",
                        "type": "datetime"
                    },
                    "content": "20190206T203348Z"
                },
                {
                    "$": {
                        "tfid": "{E0466C9C-44D0-4EAA-A4CB-F0255F61BF52}",
                        "key": "c",
                        "type": "Rich Text"
                    },
                    "content": "<!-- <strong>Content C</strong>\n<p>\nLorem ipsum dolor sit amet, consectetur adipiscing elit. Cras mi nunc, scelerisque sit amet finibus ut, tempus vel nisl. Etiam odio lorem, efficitur suscipit dignissim quis, posuere at neque. Donec dictum justo eget tortor cursus, ac iaculis nisi facilisis. Suspendisse hendrerit posuere tortor. Suspendisse quis mollis ex. Ut viverra vel nibh id eleifend. Suspendisse potenti.\n</p>  -->"
                }
            ]
        }
    }
}