{
    "item": {
        "$": {
            "name": "logos",
            "key": "logos",
            "id": "{FF21A007-E3F4-4910-A30D-D9CBAF881ECF}",
            "tid": "{FE5DD826-48C6-436D-B87A-7C4210C7413B}",
            "mid": "{00000000-0000-0000-0000-000000000000}",
            "sortorder": "100",
            "language": "en",
            "version": "1",
            "template": "media folder",
            "parentid": "{CAA2452E-EE2C-4F0E-BB8A-4FE2CF806E35}",
            "created": "20170109T232633Z"
        },
        "fields": {
            "field": [
                {
                    "$": {
                        "tfid": "{5DD74568-4D4B-44C1-B513-0AF5F4CDA34F}",
                        "key": "__created by",
                        "type": "Single-Line Text"
                    },
                    "content": "airgroup\\bshields"
                },
                {
                    "$": {
                        "tfid": "{BADD9CF9-53E0-4D0C-BCC0-2D784C282F6A}",
                        "key": "__updated by",
                        "type": "Single-Line Text"
                    },
                    "content": "airgroup\\bshields"
                },
                {
                    "$": {
                        "tfid": "{8CDC337E-A112-42FB-BBB4-4143751E123F}",
                        "key": "__revision",
                        "type": "Single-Line Text"
                    },
                    "content": "43193d82-4777-4e8a-a78e-78b224e4ba60"
                },
                {
                    "$": {
                        "tfid": "{25BED78C-4957-4165-998A-CA1B52F67497}",
                        "key": "__created",
                        "type": "datetime"
                    },
                    "content": "20170109T232633Z"
                },
                {
                    "$": {
                        "tfid": "{52807595-0F8F-4B20-8D2A-CB71D28C6103}",
                        "key": "__owner",
                        "type": "Single-Line Text"
                    },
                    "content": "airgroup\\bshields"
                },
                {
                    "$": {
                        "tfid": "{D9CF14B1-FA16-4BA6-9288-E8A174D4D522}",
                        "key": "__updated",
                        "type": "datetime"
                    },
                    "content": "20170109T232633Z"
                }
            ]
        }
    }
}