{
    "item": {
        "$": {
            "name": "membership-benefits",
            "key": "membership-benefits",
            "id": "{5C693A11-6D18-4D80-AE34-2629C2F33CAF}",
            "tid": "{E59AEBB8-B654-40A9-991F-4D4BA4FEA2FB}",
            "mid": "{00000000-0000-0000-0000-000000000000}",
            "sortorder": "300",
            "language": "en",
            "version": "3",
            "template": "base page",
            "parentid": "{2653ECA3-68AA-4CA3-A092-1117A4CAF695}",
            "created": "20170110T182531Z"
        },
        "fields": {
            "field": [
                {
                    "$": {
                        "tfid": "{D9CF14B1-FA16-4BA6-9288-E8A174D4D522}",
                        "key": "__updated",
                        "type": "datetime"
                    },
                    "content": "20180409T165220Z"
                },
                {
                    "$": {
                        "tfid": "{1CD3BBD3-EEC1-4F2D-9A73-E9EC75D833F9}",
                        "key": "breadcrumbs",
                        "type": "Checkbox"
                    },
                    "content": ""
                },
                {
                    "$": {
                        "tfid": "{52807595-0F8F-4B20-8D2A-CB71D28C6103}",
                        "key": "__owner",
                        "type": "Single-Line Text"
                    },
                    "content": "airgroup\\v-mkeable"
                },
                {
                    "$": {
                        "tfid": "{8818601D-6CB4-4698-B606-E54DF2645451}",
                        "key": "additional data",
                        "type": "Multi-Line Text"
                    },
                    "content": "<style>\r\n.mvp-color {\r\n\tcolor: #01426a;\r\n}\r\n.mvp-color-gold {\r\n\tcolor: #8c7c43;\r\n}\r\n.mvp-color-75k {\r\n\tcolor: #7a6342;\r\n}\r\n</style>"
                },
                {
                    "$": {
                        "tfid": "{25BED78C-4957-4165-998A-CA1B52F67497}",
                        "key": "__created",
                        "type": "datetime"
                    },
                    "content": "20171102T231326Z"
                },
                {
                    "$": {
                        "tfid": "{001DD393-96C5-490B-924A-B0F25CD9EFD8}",
                        "key": "__lock",
                        "type": "Multi-Line Text"
                    },
                    "content": "<r />"
                },
                {
                    "$": {
                        "tfid": "{FE60ABDA-5A9C-47EE-8DCE-92C08EF66B69}",
                        "key": "browser title",
                        "type": "Single-Line Text"
                    },
                    "content": "Earning Mileage Plan elite status | Alaska Airlines"
                },
                {
                    "$": {
                        "tfid": "{8CDC337E-A112-42FB-BBB4-4143751E123F}",
                        "key": "__revision",
                        "type": "Single-Line Text"
                    },
                    "content": "dddf6e87-39fd-4787-b825-3aaf7ddee54f"
                },
                {
                    "$": {
                        "tfid": "{BADD9CF9-53E0-4D0C-BCC0-2D784C282F6A}",
                        "key": "__updated by",
                        "type": "Single-Line Text"
                    },
                    "content": "sitecore\\bshields"
                },
                {
                    "$": {
                        "tfid": "{45226728-8EAA-494A-8B65-2C791AEEC5AC}",
                        "key": "description",
                        "type": "Multi-Line Text"
                    },
                    "content": "As you earn frequent flyer miles, you’ll also work your way toward Mileage Plan elite status. Learn about the benefits of qualifying for elite status levels, including MVP, MVP Gold, MVP Gold75K and Million Miler. "
                },
                {
                    "$": {
                        "tfid": "{43F10AA4-A303-45C0-A5E9-24F37CFD1672}",
                        "key": "page name for tagging tracking",
                        "type": "Single-Line Text"
                    },
                    "content": "membership-benefits"
                },
                {
                    "$": {
                        "tfid": "{04BF00DB-F5FB-41F7-8AB7-22408372A981}",
                        "key": "__final renderings",
                        "type": "Layout"
                    },
                    "content": "<r xmlns:p=\"p\" xmlns:s=\"s\" p:p=\"1\" s:xsd=\"http://www.w3.org/2001/XMLSchema\"><d id=\"{FE5D7FDF-89C0-4D99-9AA3-B5FBD009C9F3}\"><r uid=\"{BC1C4888-879A-4CD7-972F-ADA6C5423800}\" p:before=\"*\" s:ds=\"{2F1B7DBA-8C94-4D04-8A32-EF9C0FABA8B0}\" s:id=\"{3673B5EC-AF94-4640-96A6-DFA2BD9CB1EB}\" s:ph=\"/content/1colA1_3f0695c7-e8c0-4aaa-a444-e2595fc3925e\" /><r uid=\"{61C240B8-ED88-4430-95DA-CD8F74B22E19}\" p:after=\"r[@uid='{BC1C4888-879A-4CD7-972F-ADA6C5423800}']\" s:ds=\"{BA32A9BC-AE83-444E-B211-B7FEB8BFDDC8}\" s:id=\"{3673B5EC-AF94-4640-96A6-DFA2BD9CB1EB}\" s:ph=\"/content/3colC1_038292d0-33b1-45c1-b947-74b18faaf543\" /><r uid=\"{53F38107-8244-45DA-9A67-FC5F791A1DA6}\" p:after=\"r[@uid='{61C240B8-ED88-4430-95DA-CD8F74B22E19}']\" s:ds=\"{4413893C-F4FC-425B-9952-4858E51C8740}\" s:id=\"{3673B5EC-AF94-4640-96A6-DFA2BD9CB1EB}\" s:ph=\"/content/3colB1_038292d0-33b1-45c1-b947-74b18faaf543\" /><r uid=\"{9186D27E-8AD1-4A37-ABE2-3DC70F0FBA60}\" p:after=\"r[@uid='{53F38107-8244-45DA-9A67-FC5F791A1DA6}']\" s:ds=\"{612DF137-7A67-4E17-9183-D22014CA4968}\" s:id=\"{3673B5EC-AF94-4640-96A6-DFA2BD9CB1EB}\" s:ph=\"/content/3colA1_038292d0-33b1-45c1-b947-74b18faaf543\" /><r uid=\"{977D7513-BC2F-4118-86BA-16BDF8D63079}\" p:after=\"r[@uid='{9186D27E-8AD1-4A37-ABE2-3DC70F0FBA60}']\" s:ds=\"{541BF7F8-CF76-48A4-A8DD-41FDEBD000D2}\" s:id=\"{E7BDECE7-D151-4DAB-AFC3-7FD86E626253}\" s:ph=\"/content/1colA1_8160e045-17bd-422e-9528-33683373ca43\" /><r uid=\"{FCD1D505-E9BF-4212-9115-D9C1F04B9BF9}\" p:after=\"r[@uid='{977D7513-BC2F-4118-86BA-16BDF8D63079}']\" s:ds=\"{C2E0A45C-3A8B-4364-89D1-D779F73ACD8B}\" s:id=\"{3673B5EC-AF94-4640-96A6-DFA2BD9CB1EB}\" s:par=\"\" s:ph=\"/content/1colA1_8fc113ac-3c3b-493f-bef3-485537489767\" /><r uid=\"{23ED39A5-2821-4DD3-AC6B-E25052572EC8}\" p:after=\"r[@uid='{FCD1D505-E9BF-4212-9115-D9C1F04B9BF9}']\" s:ds=\"\" s:id=\"{DD440BFC-0E65-4A6F-B03B-144665ACBCE1}\" s:par=\"Padding&amp;Panel Toggle&amp;Title=Mileage Plan elite member benefits comparison chart&amp;Title Size=h3&amp;Toggle Nav Style=1&amp;Toggle Children Titles Size=h5&amp;Toggle Divider=1\" s:ph=\"/content/1colA1_8fc113ac-3c3b-493f-bef3-485537489767\" /><r uid=\"{ED6A1E03-E103-42EA-AE71-48CF1BC7DAF7}\" p:after=\"r[@uid='{23ED39A5-2821-4DD3-AC6B-E25052572EC8}']\" s:ds=\"{FCC3C570-BD20-429B-A7CA-03359B2192E7}\" s:id=\"{7EF08C52-13FF-476C-A649-789EDCDAA48E}\" s:ph=\"/content/1colA1_8fc113ac-3c3b-493f-bef3-485537489767/toggle-placeholder_23ed39a5-2821-4dd3-ac6b-e25052572ec8\" /><r uid=\"{D36F1C6C-FF4A-43AF-A286-37C1AD806A90}\" p:after=\"r[@uid='{ED6A1E03-E103-42EA-AE71-48CF1BC7DAF7}']\" s:ds=\"{E036D2FA-9738-47AA-A08C-6609A7A0D52B}\" s:id=\"{7EF08C52-13FF-476C-A649-789EDCDAA48E}\" s:ph=\"/content/1colA1_8fc113ac-3c3b-493f-bef3-485537489767/toggle-placeholder_23ed39a5-2821-4dd3-ac6b-e25052572ec8\" /><r uid=\"{87CD852C-99B9-49B3-8B24-F597D6478771}\" p:after=\"r[@uid='{D36F1C6C-FF4A-43AF-A286-37C1AD806A90}']\" s:ds=\"{2F7F02E6-86AB-4C5E-8EB3-E882AEEF1668}\" s:id=\"{7EF08C52-13FF-476C-A649-789EDCDAA48E}\" s:ph=\"/content/1colA1_8fc113ac-3c3b-493f-bef3-485537489767/toggle-placeholder_23ed39a5-2821-4dd3-ac6b-e25052572ec8\" /><r uid=\"{4103D552-536E-4E50-99F0-5DE27FCCA2B7}\" p:after=\"r[@uid='{87CD852C-99B9-49B3-8B24-F597D6478771}']\" s:ds=\"{4B317715-A729-440A-AC9A-337BD1C05F10}\" s:id=\"{7EF08C52-13FF-476C-A649-789EDCDAA48E}\" s:ph=\"/content/1colA1_8fc113ac-3c3b-493f-bef3-485537489767/toggle-placeholder_23ed39a5-2821-4dd3-ac6b-e25052572ec8\" /><r uid=\"{71B38A21-BAC5-4D42-9C74-F752C4E36EA7}\" p:after=\"r[@uid='{4103D552-536E-4E50-99F0-5DE27FCCA2B7}']\" s:ds=\"{B3C2BEB3-89C4-4B46-934E-1C1A3547C060}\" s:id=\"{3673B5EC-AF94-4640-96A6-DFA2BD9CB1EB}\" s:ph=\"/content/2colB1_5fc5313a-3e82-45a6-b360-8942c3ecbc37\" /><r uid=\"{44A03AC0-C406-4224-8EDB-DB9B29899361}\" p:after=\"r[@uid='{71B38A21-BAC5-4D42-9C74-F752C4E36EA7}']\" s:ds=\"{B6D9A96E-637B-4C47-BF41-3B7CE588F898}\" s:id=\"{3673B5EC-AF94-4640-96A6-DFA2BD9CB1EB}\" s:ph=\"/content/2colB1_5fc5313a-3e82-45a6-b360-8942c3ecbc37\" /><r uid=\"{7DF02B8A-7E9C-42B8-B737-AD1ABC26917A}\" p:after=\"r[@uid='{44A03AC0-C406-4224-8EDB-DB9B29899361}']\" s:ds=\"{071AB525-C099-493B-AF5D-78E6B51B944D}\" s:id=\"{BCE1865E-B0CE-45CB-B1B4-B4459A50EE26}\" s:par=\"\" s:ph=\"/content/2colB1_5fc5313a-3e82-45a6-b360-8942c3ecbc37\" /><r uid=\"{5D9EE30A-A7E8-4EE3-B120-471D0E15B093}\" p:after=\"r[@uid='{7DF02B8A-7E9C-42B8-B737-AD1ABC26917A}']\" s:ds=\"{21A7CE71-0F91-42AE-9017-9457BF8C6B3A}\" s:id=\"{27E786D1-C44F-4F18-825B-0327548D9BD2}\" s:ph=\"/content/1colA1_e39c7d93-0567-491b-bba1-3acf0d17c304\" /><r uid=\"{E39C7D93-0567-491B-BBA1-3ACF0D17C304}\" p:after=\"r[@uid='{5D9EE30A-A7E8-4EE3-B120-471D0E15B093}']\" s:ds=\"\" s:id=\"{3DC38551-7815-4DE9-B888-E88D2FEFE912}\" s:par=\"container=container\" s:ph=\"content\" /><r uid=\"{038292D0-33B1-45C1-B947-74B18FAAF543}\" p:after=\"r[@uid='{E39C7D93-0567-491B-BBA1-3ACF0D17C304}']\" s:ds=\"\" s:id=\"{3C9B369E-C2B2-496C-B485-69981BFC792B}\" s:par=\"container=container&amp;1col=col-sm-4&amp;2col=col-sm-4&amp;3col=col-sm-4\" s:ph=\"content\" /><r uid=\"{3F0695C7-E8C0-4AAA-A444-E2595FC3925E}\" p:after=\"r[@uid='{038292D0-33B1-45C1-B947-74B18FAAF543}']\" s:ds=\"\" s:id=\"{3DC38551-7815-4DE9-B888-E88D2FEFE912}\" s:par=\"container=container\" s:ph=\"content\" /><r uid=\"{8FC113AC-3C3B-493F-BEF3-485537489767}\" p:after=\"r[@uid='{3F0695C7-E8C0-4AAA-A444-E2595FC3925E}']\" s:ds=\"\" s:id=\"{3DC38551-7815-4DE9-B888-E88D2FEFE912}\" s:par=\"container=container\" s:ph=\"content\" /><r uid=\"{8160E045-17BD-422E-9528-33683373CA43}\" p:after=\"*[1=2]\" s:ds=\"\" s:id=\"{3DC38551-7815-4DE9-B888-E88D2FEFE912}\" s:par=\"container=container-hero\" s:ph=\"content\" /></d></r>"
                },
                {
                    "$": {
                        "tfid": "{EDC05BF7-AD79-4D02-9267-2208C3A42B41}",
                        "key": "page tracking",
                        "type": "Treelist"
                    },
                    "content": "{FBA8E9EC-B732-4EFA-BBC9-30A3D7CF3738}"
                },
                {
                    "$": {
                        "tfid": "{C8F93AFE-BFD4-4E8F-9C61-152559854661}",
                        "key": "__valid from",
                        "type": "datetime"
                    },
                    "content": "20171102T231300Z"
                },
                {
                    "$": {
                        "tfid": "{5DD74568-4D4B-44C1-B513-0AF5F4CDA34F}",
                        "key": "__created by",
                        "type": "Single-Line Text"
                    },
                    "content": "sitecore\\ccurtis"
                },
                {
                    "$": {
                        "tfid": "{B8F42732-9CB8-478D-AE95-07E25345FB0F}",
                        "key": "__hide version",
                        "type": "checkbox"
                    },
                    "content": ""
                },
                {
                    "$": {
                        "tfid": "{C43496CC-BCCA-46FA-B503-EE24B9610E85}",
                        "key": "page visibility",
                        "type": "Droplink"
                    },
                    "content": "{6484E04F-1CDE-4525-8BB7-FE78599E13C5}"
                },
                {
                    "$": {
                        "tfid": "{BA3F86A2-4A1C-4D78-B63D-91C2779C1B5E}",
                        "key": "__sortorder",
                        "type": "Single-Line Text"
                    },
                    "content": "300"
                }
            ]
        }
    }
}