{
    "item": {
        "$": {
            "name": "50x20_westjet",
            "key": "50x20_westjet",
            "id": "{BABD1CFD-EC70-4643-AC23-CFD1933586DD}",
            "tid": "{DAF085E8-602E-43A6-8299-038FF171349F}",
            "mid": "{00000000-0000-0000-0000-000000000000}",
            "sortorder": "100",
            "language": "en",
            "version": "1",
            "template": "jpeg",
            "parentid": "{CE6E4951-C874-4FF5-A0B8-BAEDD2E21817}",
            "created": "20120720T100255Z"
        },
        "fields": {
            "field": [
                {
                    "$": {
                        "tfid": "{5DD74568-4D4B-44C1-B513-0AF5F4CDA34F}",
                        "key": "__created by",
                        "type": "Single-Line Text"
                    },
                    "content": "airgroup\\v-jberry"
                },
                {
                    "$": {
                        "tfid": "{BADD9CF9-53E0-4D0C-BCC0-2D784C282F6A}",
                        "key": "__updated by",
                        "type": "Single-Line Text"
                    },
                    "content": "airgroup\\v-jberry"
                },
                {
                    "$": {
                        "tfid": "{8CDC337E-A112-42FB-BBB4-4143751E123F}",
                        "key": "__revision",
                        "type": "Single-Line Text"
                    },
                    "content": "f1af4e7e-e757-486b-8a20-e1ad395f9244"
                },
                {
                    "$": {
                        "tfid": "{001DD393-96C5-490B-924A-B0F25CD9EFD8}",
                        "key": "__lock",
                        "type": "Multi-Line Text"
                    },
                    "content": "<r owner=\"airgroup\\v-jberry\" date=\"20120720T100303\" />"
                },
                {
                    "$": {
                        "tfid": "{25BED78C-4957-4165-998A-CA1B52F67497}",
                        "key": "__created",
                        "type": "datetime"
                    },
                    "content": "20120720T100255"
                },
                {
                    "$": {
                        "tfid": "{52807595-0F8F-4B20-8D2A-CB71D28C6103}",
                        "key": "__owner",
                        "type": "Single-Line Text"
                    },
                    "content": "airgroup\\v-jberry"
                },
                {
                    "$": {
                        "tfid": "{D9CF14B1-FA16-4BA6-9288-E8A174D4D522}",
                        "key": "__updated",
                        "type": "datetime"
                    },
                    "content": "20120720T104201:634783777212636005"
                },
                {
                    "$": {
                        "tfid": "{65885C44-8FCD-4A7F-94F1-EE63703FE193}",
                        "key": "alt",
                        "type": "Single-Line Text"
                    },
                    "content": "westjet"
                },
                {
                    "$": {
                        "tfid": "{DE2CA9E4-C117-4C8A-A139-1FF4B199D15A}",
                        "key": "height",
                        "type": "Single-Line Text"
                    },
                    "content": "20"
                },
                {
                    "$": {
                        "tfid": "{06D5295C-ED2F-4A54-9BF2-26228D113318}",
                        "key": "__icon",
                        "type": "Icon"
                    },
                    "content": "~/media/BABD1CFDEC704643AC23CFD1933586DD.ashx?h=16&thn=1&w=16"
                },
                {
                    "$": {
                        "tfid": "{6F47A0A5-9C94-4B48-ABEB-42D38DEF6054}",
                        "key": "mime type",
                        "type": "Single-Line Text"
                    },
                    "content": "image/jpeg"
                },
                {
                    "$": {
                        "tfid": "{6954B7C7-2487-423F-8600-436CB3B6DC0E}",
                        "key": "size",
                        "type": "Single-Line Text"
                    },
                    "content": "18886"
                },
                {
                    "$": {
                        "tfid": "{C06867FE-9A43-4C7D-B739-48780492D06F}",
                        "key": "extension",
                        "type": "Single-Line Text"
                    },
                    "content": "jpg"
                },
                {
                    "$": {
                        "tfid": "{B0145335-8735-414B-9169-A1D4E4DC9641}",
                        "key": "software",
                        "type": "Single-Line Text"
                    },
                    "content": "Adobe Photoshop CS5 Windows"
                },
                {
                    "$": {
                        "tfid": "{40E50ED9-BA07-4702-992E-A912738D32DC}",
                        "key": "blob",
                        "type": "attachment"
                    },
                    "content": "{3748CE2D-624A-402A-B20B-C452DB3D5128}"
                },
                {
                    "$": {
                        "tfid": "{22EAC599-F13B-4607-A89D-C091763A467D}",
                        "key": "width",
                        "type": "Single-Line Text"
                    },
                    "content": "50"
                },
                {
                    "$": {
                        "tfid": "{CB09946F-3218-4823-87D2-D5007C199A96}",
                        "key": "dimensions",
                        "type": "Single-Line Text"
                    },
                    "content": "50 x 20"
                },
                {
                    "$": {
                        "tfid": "{90A6FE48-F3E0-42F3-A18A-EDAA7DB9CA57}",
                        "key": "datetime",
                        "type": "Single-Line Text"
                    },
                    "content": "2012:07:13 09:49:28"
                }
            ]
        }
    }
}