{
    "item": {
        "$": {
            "name": "Airport Hours",
            "key": "airport hours",
            "id": "{0BC24A7A-5263-44C3-9BEC-2009E31E2607}",
            "tid": "{AB86861A-6030-46C5-B394-E8F99E8B87DB}",
            "mid": "{00000000-0000-0000-0000-000000000000}",
            "sortorder": "100",
            "language": "en",
            "version": "1",
            "template": "template",
            "parentid": "{7A83073B-05A5-47B2-B327-51987E8B7292}",
            "created": "20170104T175543Z"
        },
        "fields": {
            "field": [
                {
                    "$": {
                        "tfid": "{5DD74568-4D4B-44C1-B513-0AF5F4CDA34F}",
                        "key": "__created by",
                        "type": "Single-Line Text"
                    },
                    "content": "sitecore\\admin"
                },
                {
                    "$": {
                        "tfid": "{BADD9CF9-53E0-4D0C-BCC0-2D784C282F6A}",
                        "key": "__updated by",
                        "type": "Single-Line Text"
                    },
                    "content": "sitecore\\unicorn"
                },
                {
                    "$": {
                        "tfid": "{8CDC337E-A112-42FB-BBB4-4143751E123F}",
                        "key": "__revision",
                        "type": "Single-Line Text"
                    },
                    "content": "bbd8a1b2-a308-4bec-ab89-38c8b166ec2a"
                },
                {
                    "$": {
                        "tfid": "{25BED78C-4957-4165-998A-CA1B52F67497}",
                        "key": "__created",
                        "type": "datetime"
                    },
                    "content": "20170104T175543Z"
                },
                {
                    "$": {
                        "tfid": "{D9CF14B1-FA16-4BA6-9288-E8A174D4D522}",
                        "key": "__updated",
                        "type": "datetime"
                    },
                    "content": "20170106T174339Z"
                },
                {
                    "$": {
                        "tfid": "{06D5295C-ED2F-4A54-9BF2-26228D113318}",
                        "key": "__icon",
                        "type": "Icon"
                    },
                    "content": "Applications/16x16/gear.png"
                },
                {
                    "$": {
                        "tfid": "{12C33F3F-86C5-43A5-AEB4-5598CEC45116}",
                        "key": "__base template",
                        "type": "tree list"
                    },
                    "content": "{1930BBEB-7805-471A-A3BE-4858AC7CF696}"
                },
                {
                    "$": {
                        "tfid": "{F7D48A55-2158-4F02-9356-756654404F73}",
                        "key": "__standard values",
                        "type": "Droptree"
                    },
                    "content": "{3C16448C-27E8-4B34-80FC-720579B78CE3}"
                }
            ]
        }
    }
}