{
    "item": {
        "$": {
            "name": "DE1801",
            "key": "de1801",
            "id": "{14C9483C-1E79-4402-94FA-E613A23D4DE5}",
            "tid": "{3515DFA5-C29B-43C6-89BC-3BCCC02DB3F8}",
            "mid": "{00000000-0000-0000-0000-000000000000}",
            "sortorder": "100",
            "language": "en",
            "version": "1",
            "template": "custompromo",
            "parentid": "{C5FDFA1C-0C1A-4FBB-80F6-AE8FEC232151}",
            "created": "20180724T173803Z"
        },
        "fields": {
            "field": [
                {
                    "$": {
                        "tfid": "{5DD74568-4D4B-44C1-B513-0AF5F4CDA34F}",
                        "key": "__created by",
                        "type": "Single-Line Text"
                    },
                    "content": "sitecore\\evotch"
                },
                {
                    "$": {
                        "tfid": "{421162AE-0544-4BB6-BBB5-27BD5D36C87D}",
                        "key": "a",
                        "type": "Rich Text"
                    },
                    "content": ""
                },
                {
                    "$": {
                        "tfid": "{BADD9CF9-53E0-4D0C-BCC0-2D784C282F6A}",
                        "key": "__updated by",
                        "type": "Single-Line Text"
                    },
                    "content": "sitecore\\mmangrub"
                },
                {
                    "$": {
                        "tfid": "{8CDC337E-A112-42FB-BBB4-4143751E123F}",
                        "key": "__revision",
                        "type": "Single-Line Text"
                    },
                    "content": "a6fb671b-c4bf-4d70-b3ba-9aed76b2b56b"
                },
                {
                    "$": {
                        "tfid": "{D2D88CF4-BBB2-4E33-A119-57A4B9DEFEF7}",
                        "key": "terms",
                        "type": "Rich Text"
                    },
                    "content": "<p class=\"fine-print\">Mileage Plan members who register for this promotion before their first qualifying flight will receive double base miles on nonstop Condor flights between Anchorage (ANC), Fairbanks (FAI), Las Vegas (LAS), Phoenix (PHX), Portland (PDX), Seattle (SEA), or Vancouver, B.C. (YVR) and Frankfurt, for travel from October 1, 2018, through April 30, 2019. Double miles are valid on fares booked in Business Class, Premium Economy, Economy Flex, Economy Base, and Economy Promotion. Flights must be marketed and operated by Condor. Mileage for qualifying flights must be credited to the member's Mileage Plan account. Double miles earned are based on the class of service flown. The percentage earned can be viewed on the Condor partner page. The offer is not valid on free or award travel. Double miles do not count towards Mileage Plan elite status. Double miles will be awarded within four to six weeks of meeting the promotion's qualifications. All terms and conditions of the Mileage Plan program apply. The offer is subject to change without notice.</p>"
                },
                {
                    "$": {
                        "tfid": "{A5A02CF1-9D8D-4449-B904-5BDCF33ECC88}",
                        "key": "data",
                        "type": "Rich Text"
                    },
                    "content": "{\"id\":\"DE1801\", \"name\":\"Condor Double Miles\", \"companyName\":\"Mileage Plan number and\", \"startDate\":\"7/24/2018\", \"endDate\":\"8/31/2018\", \"emailDomains\":[\"\"],\"RequireEmailValidation\":\"false\",\"promoName\":\"DE1801 Condor Double Mile Promotion\", \"IsJoinOnly\":\"false\" }"
                },
                {
                    "$": {
                        "tfid": "{C3950F71-EF1E-4DD6-B356-780C544EDA93}",
                        "key": "logo",
                        "type": "Rich Text"
                    },
                    "content": "<img width=\"300\" src=\"-/media/AAFE1A04DF6848FC8CA6E36600C9CE2A\" alt=\"Condor logo\" />"
                },
                {
                    "$": {
                        "tfid": "{D5D5017F-50CD-42AB-84D8-A3974C9C0811}",
                        "key": "b",
                        "type": "Rich Text"
                    },
                    "content": "<!-- <strong>Content B</strong>\n<p>\nLorem ipsum dolor sit amet, consectetur adipiscing elit. Cras mi nunc, scelerisque sit amet finibus ut, tempus vel nisl. Etiam odio lorem, efficitur suscipit dignissim quis, posuere at neque. Donec dictum justo eget tortor cursus, ac iaculis nisi facilisis. Suspendisse hendrerit posuere tortor. Suspendisse quis mollis ex. Ut viverra vel nibh id eleifend. Suspendisse potenti.\n</p>  -->"
                },
                {
                    "$": {
                        "tfid": "{001DD393-96C5-490B-924A-B0F25CD9EFD8}",
                        "key": "__lock",
                        "type": "Multi-Line Text"
                    },
                    "content": "<r owner=\"sitecore\\mmangrub\" date=\"20180724T173804Z\" />"
                },
                {
                    "$": {
                        "tfid": "{1F6751F2-9550-47F6-BF82-B5DFA9282650}",
                        "key": "intro",
                        "type": "Rich Text"
                    },
                    "content": "\n<h1>Earn double miles on Condor flights to Frankfurt.</h1>\n\n\n\n<p class=\"lead\">Experience the sunny heart of Condor while flying to the heart of Europe.</p>\n  \n<p>Fly nonstop to Frankfurt from the following cities, and you'll earn double Mileage Plan miles for Business Class, Premium Economy, and economy fares.</p>  \n\n<ul>\n    <li>Anchorage</li>\n    <li>Fairbanks</li>\n    <li>Las Vegas</li>\n    <li>Phoenix</li>\n    <li>Portland</li>\n    <li>Seattle</li>\n    <li>Vancouver, B.C.</li>\n</ul>\n\n\n<p><a href=\"#register-form\">Register your Mileage Plan number</a> below before your first trip but no later than August 31, 2018, and there's no limit to the double miles you can earn when you travel on nonstop flights to Frankfurt from October 1, 2018 through April 30, 2019.</p>\n\n<p>Book your flight at <a href=\"https://www.condor.com/us/index.jsp\" target=\"_blank\">condor.com</a>.</p>\n\n<p>Learn more about our Mileage Plan partnership with <a href=\"//www.alaskaair.com/content/mileage-plan/how-to-earn-miles/airline-partners/condor\">Condor</a>.</p>\n<a name=\"register-form\"></a>"
                },
                {
                    "$": {
                        "tfid": "{2446FFE8-6940-4AB0-A93D-C4B7F99243E3}",
                        "key": "hero",
                        "type": "Rich Text"
                    },
                    "content": "<style>\n\n.heroContainer img {\n    width: 100%;\n    max-height: 400px; \n}</style>\n\n<img src=\"-/media/13D47508002E401E92FBB2A772AC402B\" alt=\"Frankfurt\" />\n\n"
                },
                {
                    "$": {
                        "tfid": "{25BED78C-4957-4165-998A-CA1B52F67497}",
                        "key": "__created",
                        "type": "datetime"
                    },
                    "content": "20170811T164040Z"
                },
                {
                    "$": {
                        "tfid": "{52807595-0F8F-4B20-8D2A-CB71D28C6103}",
                        "key": "__owner",
                        "type": "Single-Line Text"
                    },
                    "content": "sitecore\\evotch"
                },
                {
                    "$": {
                        "tfid": "{D9CF14B1-FA16-4BA6-9288-E8A174D4D522}",
                        "key": "__updated",
                        "type": "datetime"
                    },
                    "content": "20180724T175845Z"
                },
                {
                    "$": {
                        "tfid": "{E0466C9C-44D0-4EAA-A4CB-F0255F61BF52}",
                        "key": "c",
                        "type": "Rich Text"
                    },
                    "content": "<!-- <strong>Content C</strong>\n<p>\nLorem ipsum dolor sit amet, consectetur adipiscing elit. Cras mi nunc, scelerisque sit amet finibus ut, tempus vel nisl. Etiam odio lorem, efficitur suscipit dignissim quis, posuere at neque. Donec dictum justo eget tortor cursus, ac iaculis nisi facilisis. Suspendisse hendrerit posuere tortor. Suspendisse quis mollis ex. Ut viverra vel nibh id eleifend. Suspendisse potenti.\n</p>  -->"
                }
            ]
        }
    }
}