{
    "item": {
        "$": {
            "name": "Content Text",
            "key": "content text",
            "id": "{B5D4B0EE-19DB-4C83-9A50-221D2B0BDAE8}",
            "tid": "{455A3E98-A627-4B40-8035-E683A0331AC7}",
            "mid": "{00000000-0000-0000-0000-000000000000}",
            "sortorder": "100",
            "language": "en",
            "version": "1",
            "template": "template field",
            "parentid": "{DA616473-81CE-4173-8194-C398D3B58DF9}",
            "created": "20160825T180619Z"
        },
        "fields": {
            "field": [
                {
                    "$": {
                        "tfid": "{BADD9CF9-53E0-4D0C-BCC0-2D784C282F6A}",
                        "key": "__updated by",
                        "type": "Single-Line Text"
                    },
                    "content": "sitecore\\unicorn"
                },
                {
                    "$": {
                        "tfid": "{8CDC337E-A112-42FB-BBB4-4143751E123F}",
                        "key": "__revision",
                        "type": "Single-Line Text"
                    },
                    "content": "273da761-17b2-4684-8107-50667cab4c72"
                },
                {
                    "$": {
                        "tfid": "{25BED78C-4957-4165-998A-CA1B52F67497}",
                        "key": "__created",
                        "type": "datetime"
                    },
                    "content": "20160825T180619Z"
                },
                {
                    "$": {
                        "tfid": "{D9CF14B1-FA16-4BA6-9288-E8A174D4D522}",
                        "key": "__updated",
                        "type": "datetime"
                    },
                    "content": "20180725T140554Z"
                },
                {
                    "$": {
                        "tfid": "{BA3F86A2-4A1C-4D78-B63D-91C2779C1B5E}",
                        "key": "__sortorder",
                        "type": "Single-Line Text"
                    },
                    "content": "100"
                },
                {
                    "$": {
                        "tfid": "{AB162CC0-DC80-4ABF-8871-998EE5D7BA32}",
                        "key": "type",
                        "type": "Grouped Droplist"
                    },
                    "content": "Rich Text"
                }
            ]
        }
    }
}