{
    "item": {
        "$": {
            "name": "__Standard Values",
            "key": "__standard values",
            "id": "{9D9D0272-D299-45C1-805F-C46EC4D2E9D7}",
            "tid": "{135C640D-9367-495A-A003-FCA920067E87}",
            "mid": "{00000000-0000-0000-0000-000000000000}",
            "sortorder": "100",
            "language": "en",
            "version": "1",
            "template": "cargo",
            "parentid": "{135C640D-9367-495A-A003-FCA920067E87}",
            "created": "20170215T225445Z"
        },
        "fields": {
            "field": [
                {
                    "$": {
                        "tfid": "{5DD74568-4D4B-44C1-B513-0AF5F4CDA34F}",
                        "key": "__created by",
                        "type": "Single-Line Text"
                    },
                    "content": "sitecore\\admin"
                },
                {
                    "$": {
                        "tfid": "{2C593FDC-6ED6-4D2E-B994-1EB0CD5A6BE1}",
                        "key": "outbound cargo",
                        "type": "Droplink"
                    },
                    "content": "yes"
                },
                {
                    "$": {
                        "tfid": "{BADD9CF9-53E0-4D0C-BCC0-2D784C282F6A}",
                        "key": "__updated by",
                        "type": "Single-Line Text"
                    },
                    "content": "sitecore\\admin"
                },
                {
                    "$": {
                        "tfid": "{8CDC337E-A112-42FB-BBB4-4143751E123F}",
                        "key": "__revision",
                        "type": "Single-Line Text"
                    },
                    "content": "bd0c3738-df5f-411c-8413-28c50e1c5796"
                },
                {
                    "$": {
                        "tfid": "{86381843-F8CA-49D7-892D-538835767395}",
                        "key": "cargo terms",
                        "type": "Rich Text"
                    },
                    "content": "Alaska Airlines cannot guarantee the availability of cooling and freezing facilities at origin, destination or enroute points. All perishables must be packaged to withstand a minimum of 48 hours in transit, without refrigeration."
                },
                {
                    "$": {
                        "tfid": "{0AC766F4-C607-4AAE-BFF5-65F759251179}",
                        "key": "inbound cargo",
                        "type": "Droplink"
                    },
                    "content": "yes"
                },
                {
                    "$": {
                        "tfid": "{25BED78C-4957-4165-998A-CA1B52F67497}",
                        "key": "__created",
                        "type": "datetime"
                    },
                    "content": "20170215T225445Z"
                },
                {
                    "$": {
                        "tfid": "{52807595-0F8F-4B20-8D2A-CB71D28C6103}",
                        "key": "__owner",
                        "type": "Single-Line Text"
                    },
                    "content": "sitecore\\admin"
                },
                {
                    "$": {
                        "tfid": "{D9CF14B1-FA16-4BA6-9288-E8A174D4D522}",
                        "key": "__updated",
                        "type": "datetime"
                    },
                    "content": "20170215T233457Z"
                },
                {
                    "$": {
                        "tfid": "{B9E338DA-DC96-4273-93E2-EF4A416063B6}",
                        "key": "cargo vendor",
                        "type": "Droplink"
                    },
                    "content": "Alaska Air Cargo"
                }
            ]
        }
    }
}