{
    "item": {
        "$": {
            "name": "AS1810",
            "key": "as1810",
            "id": "{DA3CFB01-2ED4-4D25-9F1A-95BE3F14E3D1}",
            "tid": "{3515DFA5-C29B-43C6-89BC-3BCCC02DB3F8}",
            "mid": "{00000000-0000-0000-0000-000000000000}",
            "sortorder": "100",
            "language": "en",
            "version": "2",
            "template": "custompromo",
            "parentid": "{C5FDFA1C-0C1A-4FBB-80F6-AE8FEC232151}",
            "created": "20181104T062108Z"
        },
        "fields": {
            "field": [
                {
                    "$": {
                        "tfid": "{5DD74568-4D4B-44C1-B513-0AF5F4CDA34F}",
                        "key": "__created by",
                        "type": "Single-Line Text"
                    },
                    "content": "sitecore\\mmangrub"
                },
                {
                    "$": {
                        "tfid": "{C8F93AFE-BFD4-4E8F-9C61-152559854661}",
                        "key": "__valid from",
                        "type": "datetime"
                    },
                    "content": "20181107T000139Z"
                },
                {
                    "$": {
                        "tfid": "{421162AE-0544-4BB6-BBB5-27BD5D36C87D}",
                        "key": "a",
                        "type": "Rich Text"
                    },
                    "content": "\n"
                },
                {
                    "$": {
                        "tfid": "{BADD9CF9-53E0-4D0C-BCC0-2D784C282F6A}",
                        "key": "__updated by",
                        "type": "Single-Line Text"
                    },
                    "content": "sitecore\\sturner"
                },
                {
                    "$": {
                        "tfid": "{8CDC337E-A112-42FB-BBB4-4143751E123F}",
                        "key": "__revision",
                        "type": "Single-Line Text"
                    },
                    "content": "639534e8-cf48-45fd-b837-7a927b516da1"
                },
                {
                    "$": {
                        "tfid": "{D2D88CF4-BBB2-4E33-A119-57A4B9DEFEF7}",
                        "key": "terms",
                        "type": "Rich Text"
                    },
                    "content": "<p>Limited time offer: Double Miles for Alaska Airlines Mileage Plan&trade; members who fly a qualifying nonstop flight between March 4, 2019 and April 30, 2019 between Everett (PAE) and any of the following airports: Portland (PDX), San Francisco (SFO), San Jose (SJC), Las Vegas (LAS), Los Angeles (LAX), Orange County (SNA), San Diego (SAN) or Phoenix (PHX). Service to/from PAE remains subject to government approval.  Member must register for the promotion <a href=\"https://www.alaskaair.com/promo/AS1810\" target=\"_self\">here</a> before the first qualifying flight. Flight must be marketed by Alaska Airlines and operated by Alaska Airlines, Horizon Air, or SkyWest. Mileage for qualifying flights must be credited to a member&rsquo;s Mileage Plan&trade; account. Not valid on free or award travel. Double Miles do not count towards Mileage Plan&trade; Elite Status. Double Miles will be awarded within four to six weeks of meeting the promotion&rsquo;s qualifications. All terms and conditions of the Mileage Plan&trade; program apply. Offer subject to change without notice.</p>"
                },
                {
                    "$": {
                        "tfid": "{A5A02CF1-9D8D-4449-B904-5BDCF33ECC88}",
                        "key": "data",
                        "type": "Rich Text"
                    },
                    "content": "{\"id\":\"AS1810\", \"name\":\"Paine Field Double Miles\", \"companyName\":\"Mileage Plan number and\", \"startDate\":\"11/15/2018\", \"endDate\":\"5/1/19\", \"emailDomains\":[\"\"],\"RequireEmailValidation\":\"false\",\"promoName\":\"AS1810 Paine Field Double Miles Promotion\", \"IsJoinOnly\":\"false\", \"IsActiveBeforeStart\":\"true\" }"
                },
                {
                    "$": {
                        "tfid": "{C3950F71-EF1E-4DD6-B356-780C544EDA93}",
                        "key": "logo",
                        "type": "Rich Text"
                    },
                    "content": "<img width=\"200\" src=\"//resource.alaskaair.net/-/media/Images/logos/alaska-air-group/mileage-plan-logo\" alt=\"Alaska Mileage Plan\" />"
                },
                {
                    "$": {
                        "tfid": "{D5D5017F-50CD-42AB-84D8-A3974C9C0811}",
                        "key": "b",
                        "type": "Rich Text"
                    },
                    "content": ""
                },
                {
                    "$": {
                        "tfid": "{001DD393-96C5-490B-924A-B0F25CD9EFD8}",
                        "key": "__lock",
                        "type": "Multi-Line Text"
                    },
                    "content": "<r owner=\"sitecore\\sturner\" date=\"20190430T172217Z\" />"
                },
                {
                    "$": {
                        "tfid": "{E0466C9C-44D0-4EAA-A4CB-F0255F61BF52}",
                        "key": "c",
                        "type": "Rich Text"
                    },
                    "content": ""
                },
                {
                    "$": {
                        "tfid": "{1F6751F2-9550-47F6-BF82-B5DFA9282650}",
                        "key": "intro",
                        "type": "Rich Text"
                    },
                    "content": "<h1>Earn double miles on new nonstop Everett flights. </h1>\n<p>We&rsquo;re celebrating the <a href=\"/content/cities/flights-from/paine-field-everett\" target=\"_self\">launch of Alaska Airlines service at Paine Field</a>&nbsp;with a limited time offer for Mileage Plan&trade; members.  When you register for this offer and travel between Paine Field and one of our 8 nonstop destinations, you&rsquo;ll earn double miles for your travel.</p>\n<br />\n<h4>Here&rsquo;s how to earn double miles:</h4>\n<ol>\n    <li>Register your Mileage Plan number using the form below before your first trip and no later than April 30, 2019.</li>\n    <li>Travel on qualifying nonstop flights between March 4, 2019 and April 30, 2019, and you'll earn double Mileage Plan miles.</li>\n</ol>\n<h4>Explore the nonstop flights that qualify for double miles:</h4>\n<p><strong>Between Everett &ndash; Paine Field (PAE) and:</strong></p>\n<ul>\n    <li>Las Vegas (LAS)</li>\n    <li>Los Angeles (LAX)</li>\n    <li>Orange County (SNA)</li>\n    <li>Phoenix (PHX)</li>\n    <li>Portland (PDX)</li>\n    <li>San Diego (SAN)</li>\n    <li>San Francisco (SFO)</li>\n    <li>San Jose (SJC) </li>\n</ul>"
                },
                {
                    "$": {
                        "tfid": "{2446FFE8-6940-4AB0-A93D-C4B7F99243E3}",
                        "key": "hero",
                        "type": "Rich Text"
                    },
                    "content": "<!---<img src=\"//resource.alaskaair.net/-/media/Images/campaigns/reg-promo/uw-acq/DesktopImage\" alt=\"Alaska Airlines aircraft in flight\" />---><br />"
                },
                {
                    "$": {
                        "tfid": "{25BED78C-4957-4165-998A-CA1B52F67497}",
                        "key": "__created",
                        "type": "datetime"
                    },
                    "content": "20181107T000139Z"
                },
                {
                    "$": {
                        "tfid": "{52807595-0F8F-4B20-8D2A-CB71D28C6103}",
                        "key": "__owner",
                        "type": "Single-Line Text"
                    },
                    "content": "sitecore\\evotch"
                },
                {
                    "$": {
                        "tfid": "{D9CF14B1-FA16-4BA6-9288-E8A174D4D522}",
                        "key": "__updated",
                        "type": "datetime"
                    },
                    "content": "20190430T172242Z"
                },
                {
                    "$": {
                        "tfid": "{1172F251-DAD4-4EFB-A329-0C63500E4F1E}",
                        "key": "__masters",
                        "type": "TreelistEx"
                    },
                    "content": "{EB4A6989-A751-44CD-8EB9-AA2C3646D4F7}"
                }
            ]
        }
    }
}