{
    "item": {
        "$": {
            "name": "hainan-double-miles-600x238",
            "key": "hainan-double-miles-600x238",
            "id": "{98F1C908-39D0-4357-BC33-41FF1481B642}",
            "tid": "{EB3FB96C-D56B-4AC9-97F8-F07B24BB9BF7}",
            "mid": "{00000000-0000-0000-0000-000000000000}",
            "sortorder": "100",
            "language": "en",
            "version": "1",
            "template": "jpeg",
            "parentid": "{455D1CA1-1E01-4585-9569-CE3F148F2714}",
            "created": "20190426T194018Z"
        },
        "fields": {
            "field": [
                {
                    "$": {
                        "tfid": "{5DD74568-4D4B-44C1-B513-0AF5F4CDA34F}",
                        "key": "__created by",
                        "type": "Single-Line Text"
                    },
                    "content": "sitecore\\sturner"
                },
                {
                    "$": {
                        "tfid": "{6405CC9E-9CA1-44A1-ADF8-0DECF05071CE}",
                        "key": "dimensions",
                        "type": "Single-Line Text"
                    },
                    "content": "600 x 238"
                },
                {
                    "$": {
                        "tfid": "{BADD9CF9-53E0-4D0C-BCC0-2D784C282F6A}",
                        "key": "__updated by",
                        "type": "Single-Line Text"
                    },
                    "content": "sitecore\\sturner"
                },
                {
                    "$": {
                        "tfid": "{5BE6C122-84C9-4661-A0C9-3718909C8DAD}",
                        "key": "size",
                        "type": "Single-Line Text"
                    },
                    "content": "49508"
                },
                {
                    "$": {
                        "tfid": "{8CDC337E-A112-42FB-BBB4-4143751E123F}",
                        "key": "__revision",
                        "type": "Single-Line Text"
                    },
                    "content": "e6c5bc8f-1c7f-4664-ae19-cfe6bbc3bf41"
                },
                {
                    "$": {
                        "tfid": "{611BA5DD-8D26-4C9B-A95D-900AC94CB32A}",
                        "key": "height",
                        "type": "Single-Line Text"
                    },
                    "content": "238"
                },
                {
                    "$": {
                        "tfid": "{3EB149F8-DE14-4220-A8F4-9E723CFAE5D9}",
                        "key": "extension",
                        "type": "Single-Line Text"
                    },
                    "content": "jpg"
                },
                {
                    "$": {
                        "tfid": "{8CF45D0E-ADD4-4772-911A-AC6FC50F9C7D}",
                        "key": "alt",
                        "type": "Single-Line Text"
                    },
                    "content": "Hainan Double Miles "
                },
                {
                    "$": {
                        "tfid": "{DBBE7D99-1388-4357-BB34-AD71EDF18ED3}",
                        "key": "blob",
                        "type": "attachment"
                    },
                    "content": "{5F5DF10A-F0DF-443A-A534-5F1195858DD4}"
                },
                {
                    "$": {
                        "tfid": "{001DD393-96C5-490B-924A-B0F25CD9EFD8}",
                        "key": "__lock",
                        "type": "Multi-Line Text"
                    },
                    "content": "<r owner=\"sitecore\\sturner\" date=\"20190426T194027Z\" />"
                },
                {
                    "$": {
                        "tfid": "{ABA5CE58-6D8F-43A4-B4FA-B181651347DD}",
                        "key": "mime type",
                        "type": "Single-Line Text"
                    },
                    "content": "image/jpeg"
                },
                {
                    "$": {
                        "tfid": "{D8E619C3-2D16-47F4-AD3B-C68103DF86C2}",
                        "key": "width",
                        "type": "Single-Line Text"
                    },
                    "content": "600"
                },
                {
                    "$": {
                        "tfid": "{25BED78C-4957-4165-998A-CA1B52F67497}",
                        "key": "__created",
                        "type": "datetime"
                    },
                    "content": "20190426T194018Z"
                },
                {
                    "$": {
                        "tfid": "{52807595-0F8F-4B20-8D2A-CB71D28C6103}",
                        "key": "__owner",
                        "type": "Single-Line Text"
                    },
                    "content": "sitecore\\sturner"
                },
                {
                    "$": {
                        "tfid": "{D9CF14B1-FA16-4BA6-9288-E8A174D4D522}",
                        "key": "__updated",
                        "type": "datetime"
                    },
                    "content": "20190426T194058Z"
                },
                {
                    "$": {
                        "tfid": "{06D5295C-ED2F-4A54-9BF2-26228D113318}",
                        "key": "__icon",
                        "type": "Icon"
                    },
                    "content": "-/media/98F1C90839D04357BC3341FF1481B642.ashx?h=16&thn=1&w=16&hash=96BDFD153117E6DC9B24213EF71E22A2FB078F71"
                }
            ]
        }
    }
}