{
    "item": {
        "$": {
            "name": "__Standard Values",
            "key": "__standard values",
            "id": "{35ED9C6D-679D-403D-855C-05CA34D26E59}",
            "tid": "{E59AEBB8-B654-40A9-991F-4D4BA4FEA2FB}",
            "mid": "{00000000-0000-0000-0000-000000000000}",
            "sortorder": "100",
            "language": "en",
            "version": "1",
            "template": "base page",
            "parentid": "{E59AEBB8-B654-40A9-991F-4D4BA4FEA2FB}",
            "created": "20160907T215227Z"
        },
        "fields": {
            "field": [
                {
                    "$": {
                        "tfid": "{5DD74568-4D4B-44C1-B513-0AF5F4CDA34F}",
                        "key": "__created by",
                        "type": "Single-Line Text"
                    },
                    "content": "sitecore\\admin"
                },
                {
                    "$": {
                        "tfid": "{3E431DE1-525E-47A3-B6B0-1CCBEC3A8C98}",
                        "key": "__workflow state",
                        "type": "Droptree"
                    },
                    "content": ""
                },
                {
                    "$": {
                        "tfid": "{43F10AA4-A303-45C0-A5E9-24F37CFD1672}",
                        "key": "page name for tagging tracking",
                        "type": "Single-Line Text"
                    },
                    "content": "$name"
                },
                {
                    "$": {
                        "tfid": "{BADD9CF9-53E0-4D0C-BCC0-2D784C282F6A}",
                        "key": "__updated by",
                        "type": "Single-Line Text"
                    },
                    "content": "sitecore\\unicorn"
                },
                {
                    "$": {
                        "tfid": "{8CDC337E-A112-42FB-BBB4-4143751E123F}",
                        "key": "__revision",
                        "type": "Single-Line Text"
                    },
                    "content": "fd762fae-5e7e-4af3-951b-b19dc8ee5522"
                },
                {
                    "$": {
                        "tfid": "{25BED78C-4957-4165-998A-CA1B52F67497}",
                        "key": "__created",
                        "type": "datetime"
                    },
                    "content": "20160907T215227Z"
                },
                {
                    "$": {
                        "tfid": "{D9CF14B1-FA16-4BA6-9288-E8A174D4D522}",
                        "key": "__updated",
                        "type": "datetime"
                    },
                    "content": "20180815T141029Z"
                },
                {
                    "$": {
                        "tfid": "{1CD3BBD3-EEC1-4F2D-9A73-E9EC75D833F9}",
                        "key": "breadcrumbs",
                        "type": "Checkbox"
                    },
                    "content": "1"
                },
                {
                    "$": {
                        "tfid": "{1172F251-DAD4-4EFB-A329-0C63500E4F1E}",
                        "key": "__masters",
                        "type": "TreelistEx"
                    },
                    "content": "{E59AEBB8-B654-40A9-991F-4D4BA4FEA2FB}|{EB4A6989-A751-44CD-8EB9-AA2C3646D4F7}|{32F03A2E-60C4-40D9-A50A-6CDACDC348E0}"
                },
                {
                    "$": {
                        "tfid": "{CA9B9F52-4FB0-4F87-A79F-24DEA62CDA65}",
                        "key": "__default workflow",
                        "type": "Droptree"
                    },
                    "content": ""
                },
                {
                    "$": {
                        "tfid": "{A4F985D9-98B3-4B52-AAAF-4344F6E747C6}",
                        "key": "__workflow",
                        "type": "Droptree"
                    },
                    "content": ""
                },
                {
                    "$": {
                        "tfid": "{F1A1FE9E-A60C-4DDB-A3A0-BB5B29FE732E}",
                        "key": "__renderings",
                        "type": "layout"
                    },
                    "content": "<r><d id=\"{FE5D7FDF-89C0-4D99-9AA3-B5FBD009C9F3}\"\n        l=\"{42B48010-F777-419C-98AB-DCDC72D91C70}\" /></r>"
                }
            ]
        }
    }
}