{
    "item": {
        "$": {
            "name": "priceguarantee_127x128",
            "key": "priceguarantee_127x128",
            "id": "{5B271344-B801-4E79-A4E3-7918F97230A3}",
            "tid": "{C97BA923-8009-4858-BDD5-D8BE5FCCECF7}",
            "mid": "{00000000-0000-0000-0000-000000000000}",
            "sortorder": "13300",
            "language": "en",
            "version": "2",
            "template": "image",
            "parentid": "{D11471FD-6AE6-4359-A806-903D1DBD4FAD}",
            "created": "20160120T220201Z"
        },
        "fields": {
            "field": [
                {
                    "$": {
                        "tfid": "{D9CF14B1-FA16-4BA6-9288-E8A174D4D522}",
                        "key": "__updated",
                        "type": "datetime"
                    },
                    "content": "20180129T230920Z"
                },
                {
                    "$": {
                        "tfid": "{5DD74568-4D4B-44C1-B513-0AF5F4CDA34F}",
                        "key": "__created by",
                        "type": "Single-Line Text"
                    },
                    "content": "airgroup\\lsimone"
                },
                {
                    "$": {
                        "tfid": "{6405CC9E-9CA1-44A1-ADF8-0DECF05071CE}",
                        "key": "dimensions",
                        "type": "Single-Line Text"
                    },
                    "content": "127 x 128"
                },
                {
                    "$": {
                        "tfid": "{C8F93AFE-BFD4-4E8F-9C61-152559854661}",
                        "key": "__valid from",
                        "type": "datetime"
                    },
                    "content": "20160125T233000"
                },
                {
                    "$": {
                        "tfid": "{3E431DE1-525E-47A3-B6B0-1CCBEC3A8C98}",
                        "key": "__workflow state",
                        "type": "Droptree"
                    },
                    "content": "{37E09694-2558-4843-8E72-CEA68CE01EB7}"
                },
                {
                    "$": {
                        "tfid": "{BADD9CF9-53E0-4D0C-BCC0-2D784C282F6A}",
                        "key": "__updated by",
                        "type": "Single-Line Text"
                    },
                    "content": "sitecore\\bshields"
                },
                {
                    "$": {
                        "tfid": "{5BE6C122-84C9-4661-A0C9-3718909C8DAD}",
                        "key": "size",
                        "type": "Single-Line Text"
                    },
                    "content": "4452"
                },
                {
                    "$": {
                        "tfid": "{8CDC337E-A112-42FB-BBB4-4143751E123F}",
                        "key": "__revision",
                        "type": "Single-Line Text"
                    },
                    "content": "e72eb2be-6a61-457f-8bee-05a848984beb"
                },
                {
                    "$": {
                        "tfid": "{611BA5DD-8D26-4C9B-A95D-900AC94CB32A}",
                        "key": "height",
                        "type": "Single-Line Text"
                    },
                    "content": "128"
                },
                {
                    "$": {
                        "tfid": "{3EB149F8-DE14-4220-A8F4-9E723CFAE5D9}",
                        "key": "extension",
                        "type": "Single-Line Text"
                    },
                    "content": "png"
                },
                {
                    "$": {
                        "tfid": "{8CF45D0E-ADD4-4772-911A-AC6FC50F9C7D}",
                        "key": "alt",
                        "type": "Single-Line Text"
                    },
                    "content": "priceguarantee_LS"
                },
                {
                    "$": {
                        "tfid": "{DBBE7D99-1388-4357-BB34-AD71EDF18ED3}",
                        "key": "blob",
                        "type": "attachment"
                    },
                    "content": "{6C142AB1-23CC-47DC-ACFA-773676BBA782}"
                },
                {
                    "$": {
                        "tfid": "{001DD393-96C5-490B-924A-B0F25CD9EFD8}",
                        "key": "__lock",
                        "type": "Multi-Line Text"
                    },
                    "content": "<r />"
                },
                {
                    "$": {
                        "tfid": "{ABA5CE58-6D8F-43A4-B4FA-B181651347DD}",
                        "key": "mime type",
                        "type": "Single-Line Text"
                    },
                    "content": "image/png"
                },
                {
                    "$": {
                        "tfid": "{D8E619C3-2D16-47F4-AD3B-C68103DF86C2}",
                        "key": "width",
                        "type": "Single-Line Text"
                    },
                    "content": "127"
                },
                {
                    "$": {
                        "tfid": "{25BED78C-4957-4165-998A-CA1B52F67497}",
                        "key": "__created",
                        "type": "datetime"
                    },
                    "content": "20160121T143100"
                },
                {
                    "$": {
                        "tfid": "{52807595-0F8F-4B20-8D2A-CB71D28C6103}",
                        "key": "__owner",
                        "type": "Single-Line Text"
                    },
                    "content": "airgroup\\lsimone"
                },
                {
                    "$": {
                        "tfid": "{06D5295C-ED2F-4A54-9BF2-26228D113318}",
                        "key": "__icon",
                        "type": "Icon"
                    },
                    "content": "~/media/5B271344B8014E79A4E37918F97230A3.ashx?h=16&thn=1&w=16"
                },
                {
                    "$": {
                        "tfid": "{A4F985D9-98B3-4B52-AAAF-4344F6E747C6}",
                        "key": "__workflow",
                        "type": "Droptree"
                    },
                    "content": "{8ABD4B21-B481-4542-B1F7-CC2027BBB59B}"
                },
                {
                    "$": {
                        "tfid": "{BA3F86A2-4A1C-4D78-B63D-91C2779C1B5E}",
                        "key": "__sortorder",
                        "type": "Single-Line Text"
                    },
                    "content": "13300"
                }
            ]
        }
    }
}