{
    "item": {
        "$": {
            "name": "promos",
            "key": "promos",
            "id": "{C5FDFA1C-0C1A-4FBB-80F6-AE8FEC232151}",
            "tid": "{984F6AD4-61A4-40A3-B637-5A0A6FDA8F3D}",
            "mid": "{00000000-0000-0000-0000-000000000000}",
            "sortorder": "3200",
            "language": "en",
            "version": "1",
            "template": "redirect",
            "parentid": "{ADF3B440-74DD-4AA5-8D67-34BBB9DF7F16}",
            "created": "20170811T163955Z"
        },
        "fields": {
            "field": [
                {
                    "$": {
                        "tfid": "{5DD74568-4D4B-44C1-B513-0AF5F4CDA34F}",
                        "key": "__created by",
                        "type": "Single-Line Text"
                    },
                    "content": "sitecore\\evotch"
                },
                {
                    "$": {
                        "tfid": "{BADD9CF9-53E0-4D0C-BCC0-2D784C282F6A}",
                        "key": "__updated by",
                        "type": "Single-Line Text"
                    },
                    "content": "sitecore\\bshields"
                },
                {
                    "$": {
                        "tfid": "{8CDC337E-A112-42FB-BBB4-4143751E123F}",
                        "key": "__revision",
                        "type": "Single-Line Text"
                    },
                    "content": "44ed4622-5180-469a-9b96-48c13c65098a"
                },
                {
                    "$": {
                        "tfid": "{25BED78C-4957-4165-998A-CA1B52F67497}",
                        "key": "__created",
                        "type": "datetime"
                    },
                    "content": "20170811T163955Z"
                },
                {
                    "$": {
                        "tfid": "{52807595-0F8F-4B20-8D2A-CB71D28C6103}",
                        "key": "__owner",
                        "type": "Single-Line Text"
                    },
                    "content": "sitecore\\evotch"
                },
                {
                    "$": {
                        "tfid": "{D9CF14B1-FA16-4BA6-9288-E8A174D4D522}",
                        "key": "__updated",
                        "type": "datetime"
                    },
                    "content": "20190806T182044Z"
                },
                {
                    "$": {
                        "tfid": "{DEC8D2D5-E3CF-48B6-A653-8E69E2716641}",
                        "key": "__security",
                        "type": "security"
                    },
                    "content": "ar|sitecore\\AS Call Center|pe|-item:read|pd|-item:read|ar|sitecore\\AS Training Editor|pe|-item:read|pd|-item:read|"
                },
                {
                    "$": {
                        "tfid": "{BA3F86A2-4A1C-4D78-B63D-91C2779C1B5E}",
                        "key": "__sortorder",
                        "type": "Single-Line Text"
                    },
                    "content": "3200"
                }
            ]
        }
    }
}