{
    "item": {
        "$": {
            "name": "AS1712",
            "key": "as1712",
            "id": "{DBFA0C71-4E9E-4F41-A85E-82A6B152430D}",
            "tid": "{3515DFA5-C29B-43C6-89BC-3BCCC02DB3F8}",
            "mid": "{00000000-0000-0000-0000-000000000000}",
            "sortorder": "100",
            "language": "en",
            "version": "2",
            "template": "custompromo",
            "parentid": "{C5FDFA1C-0C1A-4FBB-80F6-AE8FEC232151}",
            "created": "20170911T185938Z"
        },
        "fields": {
            "field": [
                {
                    "$": {
                        "tfid": "{5DD74568-4D4B-44C1-B513-0AF5F4CDA34F}",
                        "key": "__created by",
                        "type": "Single-Line Text"
                    },
                    "content": "sitecore\\mmangrub"
                },
                {
                    "$": {
                        "tfid": "{C8F93AFE-BFD4-4E8F-9C61-152559854661}",
                        "key": "__valid from",
                        "type": "datetime"
                    },
                    "content": "20180417T173548Z"
                },
                {
                    "$": {
                        "tfid": "{421162AE-0544-4BB6-BBB5-27BD5D36C87D}",
                        "key": "a",
                        "type": "Rich Text"
                    },
                    "content": "\n<h3>Mileage Plan benefits</h3>\n\n<div class=\"row\">\n<div class=\"col-sm-1\"> <img class=\"responsive\" width=\"60px\" alt=\"fly one get one icon\" src=\"//resource.alaskaair.net/-/media/Images/campaigns/reg-promo/uw-acq/FlyMileEarnMile-Icon\" /></div>\n<div class=\"col-sm-11\">\n<h4>Fly a mile. Earn a mile.</h4>\n<p>You'll earn one mile for each mile flown to any of 100+ destinations on Alaska Airlines flights.</p></div></div>\n\n\n<div class=\"row\">\n<div class=\"col-sm-1\"><img class=\"responsive\" width=\"60px\" alt=\"get rewards icon\" src=\"//resource.alaskaair.net/-/media/Images/campaigns/reg-promo/uw-acq/GetRewards-Icon\" /></div>\n\n<div class=\"col-sm-11\"> <h4>Get rewards in more places.</h4>\n<p>We service over 800+ destinations with our Global Partners. Earn miles when you fly with our friends.</p> </div></div>\n\n\n<div class=\"row\">\n<div class=\"col-sm-1\"><img class=\"responsive\" width=\"60px\" alt=\"elite status icon\" src=\"//resource.alaskaair.net/-/media/Images/campaigns/reg-promo/uw-acq/EliteStatus-Icon\" /></div>\n<div class=\"col-sm-11\">\n<h4>Elite status with no minimum spend.</h4>\n<p>Benefits start at just 20,000 miles and include complimentary upgrades based on availability, free checked bags, priority check-in and boarding.</p></div></div>\n"
                },
                {
                    "$": {
                        "tfid": "{BADD9CF9-53E0-4D0C-BCC0-2D784C282F6A}",
                        "key": "__updated by",
                        "type": "Single-Line Text"
                    },
                    "content": "sitecore\\sturner"
                },
                {
                    "$": {
                        "tfid": "{8CDC337E-A112-42FB-BBB4-4143751E123F}",
                        "key": "__revision",
                        "type": "Single-Line Text"
                    },
                    "content": "a802aa49-a0e5-417e-aa80-822ee70e186b"
                },
                {
                    "$": {
                        "tfid": "{D2D88CF4-BBB2-4E33-A119-57A4B9DEFEF7}",
                        "key": "terms",
                        "type": "Rich Text"
                    },
                    "content": "<p class=\"fine-print\">* Family and friends 5,000 bonus mile offer is valid only for new Mileage Plan accounts created between September 21, 2017, and October 31, 2017 at alaskaair.com/UWFam.  Allow 1-2 weeks after registering for the 5,000 bonus miles to be posted to your Mileage Plan account. An individual may receive the bonus a maximum of one time, even if they hold multiple separate Mileage Plan accounts. Offer is not combinable with other Mileage Plan enrollment or account activation promotions. Mileage Plan terms and conditions apply.\n</p>\n\n"
                },
                {
                    "$": {
                        "tfid": "{A5A02CF1-9D8D-4449-B904-5BDCF33ECC88}",
                        "key": "data",
                        "type": "Rich Text"
                    },
                    "content": "{\"id\":\"AS1712\", \"name\":\"UW Friends and Family 5K Enrollment Bonus\", \"companyName\":\"University of Washington\", \"startDate\":\"1/1/2017\", \"endDate\":\"10/31/2017\", \"emailDomains\":[\"@uw.edu\"],\"RequireEmailValidation\":\"false\",\"promoName\":\"AS1712 UW Friends and Family 5K Enrollment Bonus\", \"IsJoinOnly\":\"true\" }"
                },
                {
                    "$": {
                        "tfid": "{C3950F71-EF1E-4DD6-B356-780C544EDA93}",
                        "key": "logo",
                        "type": "Rich Text"
                    },
                    "content": "<img width=\"200\" src=\"//resource.alaskaair.net/-/media/Images/campaigns/reg-promo/uw-acq/UW-Logo\" alt=\"University of Washington logo\" />"
                },
                {
                    "$": {
                        "tfid": "{D5D5017F-50CD-42AB-84D8-A3974C9C0811}",
                        "key": "b",
                        "type": "Rich Text"
                    },
                    "content": "<!-- <strong>Content B</strong>\n<p>\nLorem ipsum dolor sit amet, consectetur adipiscing elit. Cras mi nunc, scelerisque sit amet finibus ut, tempus vel nisl. Etiam odio lorem, efficitur suscipit dignissim quis, posuere at neque. Donec dictum justo eget tortor cursus, ac iaculis nisi facilisis. Suspendisse hendrerit posuere tortor. Suspendisse quis mollis ex. Ut viverra vel nibh id eleifend. Suspendisse potenti.\n</p>  -->"
                },
                {
                    "$": {
                        "tfid": "{E0466C9C-44D0-4EAA-A4CB-F0255F61BF52}",
                        "key": "c",
                        "type": "Rich Text"
                    },
                    "content": "<!-- <strong>Content C</strong>\n<p>\nLorem ipsum dolor sit amet, consectetur adipiscing elit. Cras mi nunc, scelerisque sit amet finibus ut, tempus vel nisl. Etiam odio lorem, efficitur suscipit dignissim quis, posuere at neque. Donec dictum justo eget tortor cursus, ac iaculis nisi facilisis. Suspendisse hendrerit posuere tortor. Suspendisse quis mollis ex. Ut viverra vel nibh id eleifend. Suspendisse potenti.\n</p>  -->"
                },
                {
                    "$": {
                        "tfid": "{52807595-0F8F-4B20-8D2A-CB71D28C6103}",
                        "key": "__owner",
                        "type": "Single-Line Text"
                    },
                    "content": "sitecore\\evotch"
                },
                {
                    "$": {
                        "tfid": "{D9CF14B1-FA16-4BA6-9288-E8A174D4D522}",
                        "key": "__updated",
                        "type": "datetime"
                    },
                    "content": "20191003T153443Z"
                },
                {
                    "$": {
                        "tfid": "{001DD393-96C5-490B-924A-B0F25CD9EFD8}",
                        "key": "__lock",
                        "type": "Multi-Line Text"
                    },
                    "content": "<r owner=\"sitecore\\sturner\" date=\"20191003T153421Z\" />"
                },
                {
                    "$": {
                        "tfid": "{1F6751F2-9550-47F6-BF82-B5DFA9282650}",
                        "key": "intro",
                        "type": "Rich Text"
                    },
                    "content": "<h1>Welcome new Husky family and friends.</h1>\n<p class=\"lead\">Join Mileage Plan&trade; and earn a mile for every mile you fly on Alaska Airlines. Plus, we'll start you off with 5,000 bonus miles when you join by October 31, 2017.</p>"
                },
                {
                    "$": {
                        "tfid": "{2446FFE8-6940-4AB0-A93D-C4B7F99243E3}",
                        "key": "hero",
                        "type": "Rich Text"
                    },
                    "content": "<style>\n\n.heroContainer img {\n    width: 100%;\n    max-height: 400px; \n}</style>\n\n<img src=\"//resource.alaskaair.net/-/media/Images/campaigns/reg-promo/uw-acq/DesktopImage\" alt=\"Alaska Airlines aircraft in flight\" />"
                },
                {
                    "$": {
                        "tfid": "{25BED78C-4957-4165-998A-CA1B52F67497}",
                        "key": "__created",
                        "type": "datetime"
                    },
                    "content": "20180417T173548Z"
                }
            ]
        }
    }
}