{
    "item": {
        "$": {
            "name": "VX-AS-Logos-final",
            "key": "vx-as-logos-final",
            "id": "{6B1A9397-038A-4815-8FCD-17CAF1FE05CD}",
            "tid": "{F1828A2C-7E5D-4BBD-98CA-320474871548}",
            "mid": "{00000000-0000-0000-0000-000000000000}",
            "sortorder": "100",
            "language": "en",
            "version": "1",
            "template": "image",
            "parentid": "{2CACDC50-4C5C-474D-98B3-716233770B29}",
            "created": "20180423T191440Z"
        },
        "fields": {
            "field": [
                {
                    "$": {
                        "tfid": "{5DD74568-4D4B-44C1-B513-0AF5F4CDA34F}",
                        "key": "__created by",
                        "type": "Single-Line Text"
                    },
                    "content": "sitecore\\mmangrub"
                },
                {
                    "$": {
                        "tfid": "{BADD9CF9-53E0-4D0C-BCC0-2D784C282F6A}",
                        "key": "__updated by",
                        "type": "Single-Line Text"
                    },
                    "content": "sitecore\\sturner"
                },
                {
                    "$": {
                        "tfid": "{8CDC337E-A112-42FB-BBB4-4143751E123F}",
                        "key": "__revision",
                        "type": "Single-Line Text"
                    },
                    "content": "2c8583d4-d85f-451d-92a3-11f13b8f0f9d"
                },
                {
                    "$": {
                        "tfid": "{001DD393-96C5-490B-924A-B0F25CD9EFD8}",
                        "key": "__lock",
                        "type": "Multi-Line Text"
                    },
                    "content": "<r owner=\"sitecore\\sturner\" date=\"20190131T165000Z\" />"
                },
                {
                    "$": {
                        "tfid": "{25BED78C-4957-4165-998A-CA1B52F67497}",
                        "key": "__created",
                        "type": "datetime"
                    },
                    "content": "20180423T191440Z"
                },
                {
                    "$": {
                        "tfid": "{52807595-0F8F-4B20-8D2A-CB71D28C6103}",
                        "key": "__owner",
                        "type": "Single-Line Text"
                    },
                    "content": "sitecore\\mmangrub"
                },
                {
                    "$": {
                        "tfid": "{D9CF14B1-FA16-4BA6-9288-E8A174D4D522}",
                        "key": "__updated",
                        "type": "datetime"
                    },
                    "content": "20190131T165006Z"
                },
                {
                    "$": {
                        "tfid": "{65885C44-8FCD-4A7F-94F1-EE63703FE193}",
                        "key": "alt",
                        "type": "Single-Line Text"
                    },
                    "content": "Virgin America and Alaska Airlines logo"
                },
                {
                    "$": {
                        "tfid": "{06D5295C-ED2F-4A54-9BF2-26228D113318}",
                        "key": "__icon",
                        "type": "Icon"
                    },
                    "content": "-/media/6B1A9397038A48158FCD17CAF1FE05CD.ashx?h=16&thn=1&w=16"
                },
                {
                    "$": {
                        "tfid": "{6F47A0A5-9C94-4B48-ABEB-42D38DEF6054}",
                        "key": "mime type",
                        "type": "Single-Line Text"
                    },
                    "content": "image/svg+xml"
                },
                {
                    "$": {
                        "tfid": "{6954B7C7-2487-423F-8600-436CB3B6DC0E}",
                        "key": "size",
                        "type": "Single-Line Text"
                    },
                    "content": "11798"
                },
                {
                    "$": {
                        "tfid": "{C06867FE-9A43-4C7D-B739-48780492D06F}",
                        "key": "extension",
                        "type": "Single-Line Text"
                    },
                    "content": "svg"
                },
                {
                    "$": {
                        "tfid": "{40E50ED9-BA07-4702-992E-A912738D32DC}",
                        "key": "blob",
                        "type": "attachment"
                    },
                    "content": "{87D36A1B-1E0C-4F69-AE9F-97A0F73F09E9}"
                }
            ]
        }
    }
}