{
    "item": {
        "$": {
            "name": "LY1901",
            "key": "ly1901",
            "id": "{01DF54DA-BBB7-4CDB-9C48-F6849B89FB99}",
            "tid": "{3515DFA5-C29B-43C6-89BC-3BCCC02DB3F8}",
            "mid": "{00000000-0000-0000-0000-000000000000}",
            "sortorder": "100",
            "language": "en",
            "version": "1",
            "template": "custompromo",
            "parentid": "{C5FDFA1C-0C1A-4FBB-80F6-AE8FEC232151}",
            "created": "20190923T165601Z"
        },
        "fields": {
            "field": [
                {
                    "$": {
                        "tfid": "{5DD74568-4D4B-44C1-B513-0AF5F4CDA34F}",
                        "key": "__created by",
                        "type": "Single-Line Text"
                    },
                    "content": "sitecore\\evotch"
                },
                {
                    "$": {
                        "tfid": "{421162AE-0544-4BB6-BBB5-27BD5D36C87D}",
                        "key": "a",
                        "type": "Rich Text"
                    },
                    "content": ""
                },
                {
                    "$": {
                        "tfid": "{BADD9CF9-53E0-4D0C-BCC0-2D784C282F6A}",
                        "key": "__updated by",
                        "type": "Single-Line Text"
                    },
                    "content": "sitecore\\ccurtis"
                },
                {
                    "$": {
                        "tfid": "{8CDC337E-A112-42FB-BBB4-4143751E123F}",
                        "key": "__revision",
                        "type": "Single-Line Text"
                    },
                    "content": "b8ab6407-d3f9-4cc8-a16c-dcc024c38377"
                },
                {
                    "$": {
                        "tfid": "{D2D88CF4-BBB2-4E33-A119-57A4B9DEFEF7}",
                        "key": "terms",
                        "type": "Rich Text"
                    },
                    "content": "<p class=\"fine-print\">Offer valid on flights operated and marketed by EL AL Israel Airlines and credited to a Member&rsquo;s Mileage Plan account. Members must register and book flights for this promotion through December 15, 2019 to receive double base miles. Percentage of base miles earned can be viewed on the corresponding <a href=\"//www.alaskaair.com/content/mileage-plan/how-to-earn-miles/airline-partners/el-al-israel-airlines\">EL AL Israel Airlines</a> partner page; only miles listed under &ldquo;Base miles earned&rdquo; are doubled (class of service and additional bonus miles are issued at the normal rate). Double miles offer is valid only on qualifying paid flights booked in fare class I, C, Z, D, J, W, B, Q, P, M, S, Y, H, L, V, K, U, O, G and N from October 15, 2019 through June 30, 2020. All travel must be completed by June 30, 2020. Member must register for the promotion at <a href=\"//www.alaskaair.com/promo/LY1901\">www.alaskaair.com/promo/LY1901</a> before the first qualifying flight. Not valid on free or award travel. Double miles do not count toward Mileage Plan elite status. Please allow four to six weeks for miles to be credited to your Mileage Plan account. All terms and conditions of the Mileage Plan program apply. Offer subject to change without notice.</p>"
                },
                {
                    "$": {
                        "tfid": "{A5A02CF1-9D8D-4449-B904-5BDCF33ECC88}",
                        "key": "data",
                        "type": "Rich Text"
                    },
                    "content": "{\"id\":\"LY1901\", \"name\":\"LY1901 EL AL Double Mile Promotion\", \"companyName\":\"Mileage Plan number and\", \"startDate\":\"1/10/2019\", \"endDate\":\"12/15/2019\", \"emailDomains\":[\"\"],\"RequireEmailValidation\":\"false\",\"promoName\":\"LY1901 EL AL Double Mile Promotion\", \"IsJoinOnly\":\"false\" }"
                },
                {
                    "$": {
                        "tfid": "{C3950F71-EF1E-4DD6-B356-780C544EDA93}",
                        "key": "logo",
                        "type": "Rich Text"
                    },
                    "content": "<img style=\"display:block;\" width=\"200\" src=\"-/media/4A1CC3AF26F449ECBC665B37DD3CEB3E\" alt=\"Alaska Mileage Plan\" />\n<img style=\"display:block;padding-top:20px;\" width=\"200\" src=\"-/media/D548BFEBB3114F7DAB5626A299816CB5\" alt=\"EL AL logo\" />"
                },
                {
                    "$": {
                        "tfid": "{D5D5017F-50CD-42AB-84D8-A3974C9C0811}",
                        "key": "b",
                        "type": "Rich Text"
                    },
                    "content": "<!-- <strong>Content B</strong>\n<p>\nLorem ipsum dolor sit amet, consectetur adipiscing elit. Cras mi nunc, scelerisque sit amet finibus ut, tempus vel nisl. Etiam odio lorem, efficitur suscipit dignissim quis, posuere at neque. Donec dictum justo eget tortor cursus, ac iaculis nisi facilisis. Suspendisse hendrerit posuere tortor. Suspendisse quis mollis ex. Ut viverra vel nibh id eleifend. Suspendisse potenti.\n</p>  -->"
                },
                {
                    "$": {
                        "tfid": "{001DD393-96C5-490B-924A-B0F25CD9EFD8}",
                        "key": "__lock",
                        "type": "Multi-Line Text"
                    },
                    "content": "<r />"
                },
                {
                    "$": {
                        "tfid": "{1F6751F2-9550-47F6-BF82-B5DFA9282650}",
                        "key": "intro",
                        "type": "Rich Text"
                    },
                    "content": "<h1>Earn double miles on EL AL Israel Airlines nonstop  flights between San Francisco and Tel Aviv.</h1>\n<p>In May, our Global Partner EL AL Israel Airlines  launched new  daily nonstop service between San Francisco and Tel Aviv. </p>\n<p>To celebrate this new connection between these vibrant cities, we&rsquo;re launching an offer designed to make getting away even sweeter.</p>\n<p>Starting October 15, fly EL AL Israel Airlines nonstop between San Francisco and Tel Aviv and earn double base miles along the way.</p>\n<p>Here's how it works:</p>\n<ul>\n    <li>Register your Mileage Plan&trade; number below before your first trip no later than December 15, 2019.</li>\n    <li>Travel on qualifying EL AL Israel Airlines nonstop flights October 15, 2019 through June 30, 2020, and you'll earn double Mileage Plan miles.</li>\n</ul>\n<p>Book your flight by calling El Al Israel Airlines toll-free at 1-877-995-0677, or by booking with a travel agent.  To earn double miles with this promotion, you&rsquo;ll need to be sure that your Mileage Plan number is added to your El Al Israel Airlines reservation. </p>\n<p>Learn more about our Mileage Plan partnership with <a href=\"//www.alaskaair.com/content/mileage-plan/how-to-earn-miles/airline-partners/el-al-israel-airlines\">EL AL Israel Airlines</a>.</p>\n<p><a href=\"#register-form\"></a></p>\n<a href=\"#register-form\">\n</a><a name=\"register-form\"></a>"
                },
                {
                    "$": {
                        "tfid": "{2446FFE8-6940-4AB0-A93D-C4B7F99243E3}",
                        "key": "hero",
                        "type": "Rich Text"
                    },
                    "content": "<!---<img src=\"//resource.alaskaair.net/-/media/Images/campaigns/reg-promo/uw-acq/DesktopImage\" alt=\"Alaska Airlines aircraft in flight\" />---><br />"
                },
                {
                    "$": {
                        "tfid": "{25BED78C-4957-4165-998A-CA1B52F67497}",
                        "key": "__created",
                        "type": "datetime"
                    },
                    "content": "20170811T164040Z"
                },
                {
                    "$": {
                        "tfid": "{52807595-0F8F-4B20-8D2A-CB71D28C6103}",
                        "key": "__owner",
                        "type": "Single-Line Text"
                    },
                    "content": "sitecore\\evotch"
                },
                {
                    "$": {
                        "tfid": "{D9CF14B1-FA16-4BA6-9288-E8A174D4D522}",
                        "key": "__updated",
                        "type": "datetime"
                    },
                    "content": "20191211T164345Z"
                },
                {
                    "$": {
                        "tfid": "{E0466C9C-44D0-4EAA-A4CB-F0255F61BF52}",
                        "key": "c",
                        "type": "Rich Text"
                    },
                    "content": "<!-- <strong>Content C</strong>\n<p>\nLorem ipsum dolor sit amet, consectetur adipiscing elit. Cras mi nunc, scelerisque sit amet finibus ut, tempus vel nisl. Etiam odio lorem, efficitur suscipit dignissim quis, posuere at neque. Donec dictum justo eget tortor cursus, ac iaculis nisi facilisis. Suspendisse hendrerit posuere tortor. Suspendisse quis mollis ex. Ut viverra vel nibh id eleifend. Suspendisse potenti.\n</p>  -->"
                }
            ]
        }
    }
}