{
    "item": {
        "$": {
            "name": "_expired",
            "key": "_expired",
            "id": "{13BE5CDB-FA68-4A99-B881-26F9889727FB}",
            "tid": "{EB4A6989-A751-44CD-8EB9-AA2C3646D4F7}",
            "mid": "{00000000-0000-0000-0000-000000000000}",
            "sortorder": "100",
            "language": "en",
            "version": "1",
            "template": "partal page",
            "parentid": "{C5FDFA1C-0C1A-4FBB-80F6-AE8FEC232151}",
            "created": "20171103T180124Z"
        },
        "fields": {
            "field": [
                {
                    "$": {
                        "tfid": "{5DD74568-4D4B-44C1-B513-0AF5F4CDA34F}",
                        "key": "__created by",
                        "type": "Single-Line Text"
                    },
                    "content": "sitecore\\JCarlon"
                },
                {
                    "$": {
                        "tfid": "{3E431DE1-525E-47A3-B6B0-1CCBEC3A8C98}",
                        "key": "__workflow state",
                        "type": "Droptree"
                    },
                    "content": "{86EEB88C-EC2A-4192-A117-3BEEFAB5FDE0}"
                },
                {
                    "$": {
                        "tfid": "{BADD9CF9-53E0-4D0C-BCC0-2D784C282F6A}",
                        "key": "__updated by",
                        "type": "Single-Line Text"
                    },
                    "content": "sitecore\\JCarlon"
                },
                {
                    "$": {
                        "tfid": "{8CDC337E-A112-42FB-BBB4-4143751E123F}",
                        "key": "__revision",
                        "type": "Single-Line Text"
                    },
                    "content": "d08e46fb-8c05-43da-8ef0-b0039450c6e1"
                },
                {
                    "$": {
                        "tfid": "{001DD393-96C5-490B-924A-B0F25CD9EFD8}",
                        "key": "__lock",
                        "type": "Multi-Line Text"
                    },
                    "content": "<r />"
                },
                {
                    "$": {
                        "tfid": "{25BED78C-4957-4165-998A-CA1B52F67497}",
                        "key": "__created",
                        "type": "datetime"
                    },
                    "content": "20171103T180125Z"
                },
                {
                    "$": {
                        "tfid": "{52807595-0F8F-4B20-8D2A-CB71D28C6103}",
                        "key": "__owner",
                        "type": "Single-Line Text"
                    },
                    "content": "sitecore\\JCarlon"
                },
                {
                    "$": {
                        "tfid": "{D9CF14B1-FA16-4BA6-9288-E8A174D4D522}",
                        "key": "__updated",
                        "type": "datetime"
                    },
                    "content": "20171103T180318Z"
                },
                {
                    "$": {
                        "tfid": "{A4F985D9-98B3-4B52-AAAF-4344F6E747C6}",
                        "key": "__workflow",
                        "type": "Droptree"
                    },
                    "content": "{32306484-5A0E-4CCD-917C-924E74DD34AD}"
                }
            ]
        }
    }
}