{
    "item": {
        "$": {
            "name": "Partal Page",
            "key": "partal page",
            "id": "{EB4A6989-A751-44CD-8EB9-AA2C3646D4F7}",
            "tid": "{AB86861A-6030-46C5-B394-E8F99E8B87DB}",
            "mid": "{00000000-0000-0000-0000-000000000000}",
            "sortorder": "100",
            "language": "en",
            "version": "1",
            "template": "template",
            "parentid": "{B29EE504-861C-492F-95A3-0D890B6FCA09}",
            "created": "20160825T175937Z"
        },
        "fields": {
            "field": [
                {
                    "$": {
                        "tfid": "{5DD74568-4D4B-44C1-B513-0AF5F4CDA34F}",
                        "key": "__created by",
                        "type": "Single-Line Text"
                    },
                    "content": "sitecore\\admin"
                },
                {
                    "$": {
                        "tfid": "{BADD9CF9-53E0-4D0C-BCC0-2D784C282F6A}",
                        "key": "__updated by",
                        "type": "Single-Line Text"
                    },
                    "content": "sitecore\\unicorn"
                },
                {
                    "$": {
                        "tfid": "{8CDC337E-A112-42FB-BBB4-4143751E123F}",
                        "key": "__revision",
                        "type": "Single-Line Text"
                    },
                    "content": "f05bc834-42d1-4442-8746-7aeb20f9f9c9"
                },
                {
                    "$": {
                        "tfid": "{25BED78C-4957-4165-998A-CA1B52F67497}",
                        "key": "__created",
                        "type": "datetime"
                    },
                    "content": "20160825T175937Z"
                },
                {
                    "$": {
                        "tfid": "{D9CF14B1-FA16-4BA6-9288-E8A174D4D522}",
                        "key": "__updated",
                        "type": "datetime"
                    },
                    "content": "20190626T185414Z"
                },
                {
                    "$": {
                        "tfid": "{06D5295C-ED2F-4A54-9BF2-26228D113318}",
                        "key": "__icon",
                        "type": "Icon"
                    },
                    "content": "Applications/16x16/windows.png"
                },
                {
                    "$": {
                        "tfid": "{12C33F3F-86C5-43A5-AEB4-5598CEC45116}",
                        "key": "__base template",
                        "type": "tree list"
                    },
                    "content": "{8124F37F-A63A-4981-A3BF-136EDE9E6D12}|{B73659DF-4B77-4123-9D72-574F4D7ECD16}|{DA929800-A0A4-41D9-88C9-5228AD8BB937}|{3924B635-6D0B-4DAC-9900-2997E964B92C}|{BB8D19CA-9D81-4160-AA42-A08D91B33549}"
                },
                {
                    "$": {
                        "tfid": "{F7D48A55-2158-4F02-9356-756654404F73}",
                        "key": "__standard values",
                        "type": "Droptree"
                    },
                    "content": "{63A37A41-94D2-43EA-BA8D-B749D50D89DB}"
                },
                {
                    "$": {
                        "tfid": "{DEC8D2D5-E3CF-48B6-A653-8E69E2716641}",
                        "key": "__security",
                        "type": "security"
                    },
                    "content": "ar|sitecore\\Content Producer|pe|+item:rename|+item:write|+item:read|+item:delete|+item:create|pd|+item:rename|+item:write|+item:read|+item:delete|+item:create|"
                },
                {
                    "$": {
                        "tfid": "{F1A1FE9E-A60C-4DDB-A3A0-BB5B29FE732E}",
                        "key": "__renderings",
                        "type": "layout"
                    },
                    "content": "<r><d id=\"{FE5D7FDF-89C0-4D99-9AA3-B5FBD009C9F3}\" l=\"{14030E9F-CE92-49C6-AD87-7D49B50E42EA}\" /></r>"
                }
            ]
        }
    }
}