{
    "item": {
        "$": {
            "name": "__Standard Values",
            "key": "__standard values",
            "id": "{73B98A21-57DC-439D-94B9-E847F8C579F4}",
            "tid": "{B73F2BA8-85D6-4F51-A0BB-C24E6BC8B0BE}",
            "mid": "{00000000-0000-0000-0000-000000000000}",
            "sortorder": "100",
            "language": "en",
            "version": "1",
            "template": "4col",
            "parentid": "{B73F2BA8-85D6-4F51-A0BB-C24E6BC8B0BE}",
            "created": "20160916T225220Z"
        },
        "fields": {
            "field": [
                {
                    "$": {
                        "tfid": "{7151677B-6B1E-400D-AA19-033788790157}",
                        "key": "1col",
                        "type": "Single-Line Text"
                    },
                    "content": "col-sm-3"
                },
                {
                    "$": {
                        "tfid": "{5DD74568-4D4B-44C1-B513-0AF5F4CDA34F}",
                        "key": "__created by",
                        "type": "Single-Line Text"
                    },
                    "content": "sitecore\\admin"
                },
                {
                    "$": {
                        "tfid": "{BADD9CF9-53E0-4D0C-BCC0-2D784C282F6A}",
                        "key": "__updated by",
                        "type": "Single-Line Text"
                    },
                    "content": "sitecore\\bshields"
                },
                {
                    "$": {
                        "tfid": "{EB33120D-BAD6-45D5-91A2-37BB68298B96}",
                        "key": "container",
                        "type": "Single-Line Text"
                    },
                    "content": "container"
                },
                {
                    "$": {
                        "tfid": "{8CDC337E-A112-42FB-BBB4-4143751E123F}",
                        "key": "__revision",
                        "type": "Single-Line Text"
                    },
                    "content": "ca343429-3dd1-4ea7-add7-b6e0b1a8e6d7"
                },
                {
                    "$": {
                        "tfid": "{622FCF2F-5F74-4774-B93B-5304628C76A4}",
                        "key": "2col",
                        "type": "Single-Line Text"
                    },
                    "content": "col-sm-3"
                },
                {
                    "$": {
                        "tfid": "{953AE264-6B79-43ED-AD96-816402F3A200}",
                        "key": "4col",
                        "type": "Single-Line Text"
                    },
                    "content": "col-sm-3"
                },
                {
                    "$": {
                        "tfid": "{24335D6E-7798-478B-B13F-9A3217D8B7A4}",
                        "key": "example-classes",
                        "type": "Rich Text"
                    },
                    "content": "<p>Use any of the available classes below.</p>\n<h3>Text Alignment</h3>\n<code>text-center, text-right, text-left, </code>\n<h3>Container</h3\n<code>container,container-hero</code>\n<h3>Colors</h3\n<code>bg-limeade,bg-nemo,bg-galapagos,bg-tropical,bg-atlas,bg-midnight, bg-breeze, bg-mist</code>\n<h3>Utilities</h3\n<code>no-bottom-margin, padding-v-100, padding-h-100 (every 10 pixels down to 0 are also available, like padding-v-20, or padding-h-0)</code>\n<p>Additionally checkout the <a href=\"https://getbootstrap.com/docs/3.3/css/#responsive-utilities\">bootstrap documentation</a> for more utility classes</p>"
                },
                {
                    "$": {
                        "tfid": "{D300F532-ADEF-4F94-AAD5-B68AA4CB669B}",
                        "key": "3col",
                        "type": "Single-Line Text"
                    },
                    "content": "col-sm-3"
                },
                {
                    "$": {
                        "tfid": "{25BED78C-4957-4165-998A-CA1B52F67497}",
                        "key": "__created",
                        "type": "datetime"
                    },
                    "content": "20160916T225220Z"
                },
                {
                    "$": {
                        "tfid": "{D9CF14B1-FA16-4BA6-9288-E8A174D4D522}",
                        "key": "__updated",
                        "type": "datetime"
                    },
                    "content": "20190613T185641Z"
                },
                {
                    "$": {
                        "tfid": "{F1A1FE9E-A60C-4DDB-A3A0-BB5B29FE732E}",
                        "key": "__renderings",
                        "type": "layout"
                    },
                    "content": "<r />"
                },
                {
                    "$": {
                        "tfid": "{3094D236-5985-4C4F-AE6A-E30740885532}",
                        "key": "caching",
                        "type": "Custom"
                    },
                    "content": "0|0|0|0|0|0|0|0"
                }
            ]
        }
    }
}