{
    "item": {
        "$": {
            "name": "DE2001",
            "key": "de2001",
            "id": "{E79DCC1F-8D87-4B3B-B186-1B4F8D0816E6}",
            "tid": "{3515DFA5-C29B-43C6-89BC-3BCCC02DB3F8}",
            "mid": "{00000000-0000-0000-0000-000000000000}",
            "sortorder": "100",
            "language": "en",
            "version": "2",
            "template": "custompromo",
            "parentid": "{C5FDFA1C-0C1A-4FBB-80F6-AE8FEC232151}",
            "created": "20200219T150901Z"
        },
        "fields": {
            "field": [
                {
                    "$": {
                        "tfid": "{5DD74568-4D4B-44C1-B513-0AF5F4CDA34F}",
                        "key": "__created by",
                        "type": "Single-Line Text"
                    },
                    "content": "sitecore\\sturner"
                },
                {
                    "$": {
                        "tfid": "{C8F93AFE-BFD4-4E8F-9C61-152559854661}",
                        "key": "__valid from",
                        "type": "datetime"
                    },
                    "content": "20200219T150905Z"
                },
                {
                    "$": {
                        "tfid": "{421162AE-0544-4BB6-BBB5-27BD5D36C87D}",
                        "key": "a",
                        "type": "Rich Text"
                    },
                    "content": ""
                },
                {
                    "$": {
                        "tfid": "{BADD9CF9-53E0-4D0C-BCC0-2D784C282F6A}",
                        "key": "__updated by",
                        "type": "Single-Line Text"
                    },
                    "content": "sitecore\\sturner"
                },
                {
                    "$": {
                        "tfid": "{8CDC337E-A112-42FB-BBB4-4143751E123F}",
                        "key": "__revision",
                        "type": "Single-Line Text"
                    },
                    "content": "9b2035b4-7901-4432-9bef-658e6327260b"
                },
                {
                    "$": {
                        "tfid": "{D2D88CF4-BBB2-4E33-A119-57A4B9DEFEF7}",
                        "key": "terms",
                        "type": "Rich Text"
                    },
                    "content": "<p class=\"fine-print\">Terms and Conditions:\nOffer valid on flights operated and marketed by Condor and credited to a Mileage Plan Member's Mileage Plan account. Members must register and book flights for this promotion from March 1, 2020 through March 31, 2020 to receive double miles. Percentage of base miles earned can be viewed on the corresponding <a href=\"/content/mileage-plan/how-to-earn-miles/airline-partners/condor\" target=\"_blank\">Condor partner page</a>. Double miles offer is valid only on qualifying paid nonstop flights between Seattle (SEA) and Munich (MUC) from May 30, 2020, through October 1, 2020. All travel must be completed by October 1, 2020. Not valid on free or award travel. Double miles do not count toward Mileage Plan elite status. Please allow four to six weeks for miles to be credited to your Mileage Plan account. All <a href=\"/content/mileage-plan/terms-and-conditions\" target=\"_blank\">terms and conditions of the Mileage Plan</a> program apply. Offer subject to change without notice.\n</p>"
                },
                {
                    "$": {
                        "tfid": "{A5A02CF1-9D8D-4449-B904-5BDCF33ECC88}",
                        "key": "data",
                        "type": "Rich Text"
                    },
                    "content": "{\"id\":\"DE2001\", \"name\":\"Condor Double Miles Promotion\", \"companyName\":\"\", \"startDate\":\"7/24/2018\", \"endDate\":\"3/21/2020\", \"emailDomains\":[\"\"],\"RequireEmailValidation\":\"false\",\"promoName\":\"DE2001 CONDOR DOUBLE MILES SEAMUC\", \"IsJoinOnly\":\"false\" }"
                },
                {
                    "$": {
                        "tfid": "{C3950F71-EF1E-4DD6-B356-780C544EDA93}",
                        "key": "logo",
                        "type": "Rich Text"
                    },
                    "content": "<img style=\"display:block;\" padding-bottom=\"20px\" width=\"200\" src=\"-/media/4A1CC3AF26F449ECBC665B37DD3CEB3E\" alt=\"Alaska Mileage Plan\" />\n<br>\n<img width=\"300\" src=\"-/media/AAFE1A04DF6848FC8CA6E36600C9CE2A\" alt=\"Condor logo\" />\n"
                },
                {
                    "$": {
                        "tfid": "{D5D5017F-50CD-42AB-84D8-A3974C9C0811}",
                        "key": "b",
                        "type": "Rich Text"
                    },
                    "content": "<!-- <strong>Content B</strong>\n<p>\nLorem ipsum dolor sit amet, consectetur adipiscing elit. Cras mi nunc, scelerisque sit amet finibus ut, tempus vel nisl. Etiam odio lorem, efficitur suscipit dignissim quis, posuere at neque. Donec dictum justo eget tortor cursus, ac iaculis nisi facilisis. Suspendisse hendrerit posuere tortor. Suspendisse quis mollis ex. Ut viverra vel nibh id eleifend. Suspendisse potenti.\n</p>  -->"
                },
                {
                    "$": {
                        "tfid": "{001DD393-96C5-490B-924A-B0F25CD9EFD8}",
                        "key": "__lock",
                        "type": "Multi-Line Text"
                    },
                    "content": "<r owner=\"sitecore\\sturner\" date=\"20200219T150901Z\" />"
                },
                {
                    "$": {
                        "tfid": "{1F6751F2-9550-47F6-BF82-B5DFA9282650}",
                        "key": "intro",
                        "type": "Rich Text"
                    },
                    "content": "<h1>Earn double miles nonstop to Munich <Br>on Condor.</h1>\n\n\n\n<p class=\"lead\">Starting May 30, 2020, fly Condor's new nonstop between Seattle and Munich and earn double base miles along the way.</p>\n  \n<p>Here's how the offer works:</p>  \n\n<ol>\n    <li><a href=\"#register-form\">Register your Mileage Plan&trade; number</a> on this page no later than March 31, 2020.</li>\n<li>Travel on qualifying Condor nonstop flights between Seattle (SEA) and Munich (MUC) May 30, 2020 through October 1, 2020, and you'll earn double Mileage Plan miles.</li>\n</ol>\n\n\n<p>Book your flights using one of these options:</p>\n<ul>\n<li>Visit the <a href=\"https://www.condor.com/us/index.jsp\" target=\"_blank\">Condor website<span class=\"sr-only\">This indicates a link to an external site that may not follow the same accessibility or privacy policies as Alaska Airlines. By selecting a partner link you agree to share your data with these sites.</span>\n<span title=\"This indicates a link to an external site that may not follow the same accessibility or privacy policies as Alaska Airlines. By selecting a partner link you agree to share your data with these sites.\"><sup><i class=\"stepout-icon blue\"></i></sup></span></a></li>\n<li>Call Condor reservations toll-free at 1-866-960-7915</li>\n<li>Book with a travel agent</li>\n</ul>\n\n<p>To earn double miles with this offer, be sure to add your Mileage Plan number to your Condor reservation by:</p>\n<ul>\n<li>Calling Condor at 1-866-960-7915, or</li>\n<li>Visiting a Condor customer service agent on your day of departure</li>\n</ul>\n\n\n<p>Learn more about our Mileage Plan partnership with <a href=\"//www.alaskaair.com/content/mileage-plan/how-to-earn-miles/airline-partners/condor\">Condor</a>.</p>\n<a name=\"register-form\"></a>"
                },
                {
                    "$": {
                        "tfid": "{2446FFE8-6940-4AB0-A93D-C4B7F99243E3}",
                        "key": "hero",
                        "type": "Rich Text"
                    },
                    "content": "<style>\n\n.heroContainer img {\n    width: 100%;\n    max-height: 400px; \n}</style>\n\n<img src=\"-/media/FEB11630EB644EB0B3C1DD56C159743E\" alt=\"Munich\" />\n\n"
                },
                {
                    "$": {
                        "tfid": "{25BED78C-4957-4165-998A-CA1B52F67497}",
                        "key": "__created",
                        "type": "datetime"
                    },
                    "content": "20200219T150905Z"
                },
                {
                    "$": {
                        "tfid": "{52807595-0F8F-4B20-8D2A-CB71D28C6103}",
                        "key": "__owner",
                        "type": "Single-Line Text"
                    },
                    "content": "sitecore\\evotch"
                },
                {
                    "$": {
                        "tfid": "{D9CF14B1-FA16-4BA6-9288-E8A174D4D522}",
                        "key": "__updated",
                        "type": "datetime"
                    },
                    "content": "20200224T205501Z"
                },
                {
                    "$": {
                        "tfid": "{E0466C9C-44D0-4EAA-A4CB-F0255F61BF52}",
                        "key": "c",
                        "type": "Rich Text"
                    },
                    "content": "<!-- <strong>Content C</strong>\n<p>\nLorem ipsum dolor sit amet, consectetur adipiscing elit. Cras mi nunc, scelerisque sit amet finibus ut, tempus vel nisl. Etiam odio lorem, efficitur suscipit dignissim quis, posuere at neque. Donec dictum justo eget tortor cursus, ac iaculis nisi facilisis. Suspendisse hendrerit posuere tortor. Suspendisse quis mollis ex. Ut viverra vel nibh id eleifend. Suspendisse potenti.\n</p>  -->"
                }
            ]
        }
    }
}