{
    "item": {
        "$": {
            "name": "Vanity Urls",
            "key": "vanity urls",
            "id": "{7F684226-4771-4DDE-95BD-FAA3C5BB4623}",
            "tid": "{DBCB5025-0892-40CB-AF2B-F584B94DD132}",
            "mid": "{00000000-0000-0000-0000-000000000000}",
            "sortorder": "100",
            "language": "en",
            "version": "1",
            "template": "configuration group",
            "parentid": "{C32A016F-113E-4BA9-9629-559C914E1307}",
            "created": "20170320T205639Z"
        },
        "fields": {
            "field": [
                {
                    "$": {
                        "tfid": "{BADD9CF9-53E0-4D0C-BCC0-2D784C282F6A}",
                        "key": "__updated by",
                        "type": "Single-Line Text"
                    },
                    "content": "airgroup\\bshields"
                },
                {
                    "$": {
                        "tfid": "{8CDC337E-A112-42FB-BBB4-4143751E123F}",
                        "key": "__revision",
                        "type": "Single-Line Text"
                    },
                    "content": "10e2f000-2776-4c24-89d0-264873061c38"
                },
                {
                    "$": {
                        "tfid": "{25BED78C-4957-4165-998A-CA1B52F67497}",
                        "key": "__created",
                        "type": "datetime"
                    },
                    "content": "20170320T205639:636256401997758273Z"
                },
                {
                    "$": {
                        "tfid": "{D9CF14B1-FA16-4BA6-9288-E8A174D4D522}",
                        "key": "__updated",
                        "type": "datetime"
                    },
                    "content": "20170421T213013Z"
                },
                {
                    "$": {
                        "tfid": "{1172F251-DAD4-4EFB-A329-0C63500E4F1E}",
                        "key": "__masters",
                        "type": "TreelistEx"
                    },
                    "content": "{9CA0D744-A6AF-48D9-A4B0-C8D3C8449428}"
                },
                {
                    "$": {
                        "tfid": "{DEC8D2D5-E3CF-48B6-A653-8E69E2716641}",
                        "key": "__security",
                        "type": "security"
                    },
                    "content": "ar|sitecore\\Content Producer|pe|+item:create|+item:write|+item:read|+item:delete|pd|+item:create|+item:write|+item:read|+item:delete|"
                }
            ]
        }
    }
}