{
    "item": {
        "$": {
            "name": "EC9215",
            "key": "ec9215",
            "id": "{8743037C-D41F-48D9-B57F-76A19BECBE9D}",
            "tid": "{3515DFA5-C29B-43C6-89BC-3BCCC02DB3F8}",
            "mid": "{00000000-0000-0000-0000-000000000000}",
            "sortorder": "100",
            "language": "en",
            "version": "2",
            "template": "custompromo",
            "parentid": "{C5FDFA1C-0C1A-4FBB-80F6-AE8FEC232151}",
            "created": "20181207T223051Z"
        },
        "fields": {
            "field": [
                {
                    "$": {
                        "tfid": "{5DD74568-4D4B-44C1-B513-0AF5F4CDA34F}",
                        "key": "__created by",
                        "type": "Single-Line Text"
                    },
                    "content": "sitecore\\mmangrub"
                },
                {
                    "$": {
                        "tfid": "{C8F93AFE-BFD4-4E8F-9C61-152559854661}",
                        "key": "__valid from",
                        "type": "datetime"
                    },
                    "content": "20180417T173548Z"
                },
                {
                    "$": {
                        "tfid": "{421162AE-0544-4BB6-BBB5-27BD5D36C87D}",
                        "key": "a",
                        "type": "Rich Text"
                    },
                    "content": ""
                },
                {
                    "$": {
                        "tfid": "{BADD9CF9-53E0-4D0C-BCC0-2D784C282F6A}",
                        "key": "__updated by",
                        "type": "Single-Line Text"
                    },
                    "content": "sitecore\\sturner"
                },
                {
                    "$": {
                        "tfid": "{8CDC337E-A112-42FB-BBB4-4143751E123F}",
                        "key": "__revision",
                        "type": "Single-Line Text"
                    },
                    "content": "414cd68a-91c2-439d-a762-98f3bd9902f0"
                },
                {
                    "$": {
                        "tfid": "{D2D88CF4-BBB2-4E33-A119-57A4B9DEFEF7}",
                        "key": "terms",
                        "type": "Rich Text"
                    },
                    "content": "<p class=\"fine-print\">Valid for one discount of 15% toward travel Tuesday/Wednesday/Saturday between California and the US or Canada (excluding Hawaii), and Monday -Thursday between California and Hawaii, Mexico, or Costa Rica, or 10% off other days on base fare levels published at alaskaair.com.  Blackout dates apply for February 14-18, March 8-10, 15-17, 22-24, 29-31, April 5-7, 12-14, 2019.  Valid for new ticket purchases only at alaskaair.com. Discount code must be applied towards purchase of ticket by April 30, 2019. Valid for up to 7 people per Discount Code, traveling together and booked and ticketed at the same time in the same reservation and at the same fare. Not applicable to Mileage Plan Award Reservations, Alaska Airlines Vacation packages, tour or contract fares. Discount Codes may not be sold, bought, bartered, auctioned or collected in bulk. Passenger is responsible for all applicable taxes, fees, and surcharges, including checked baggage fees. Complete terms and conditions available at alaskaair.com/shared/tips/AboutDiscountCodes.apx\n</p>"
                },
                {
                    "$": {
                        "tfid": "{A5A02CF1-9D8D-4449-B904-5BDCF33ECC88}",
                        "key": "data",
                        "type": "Rich Text"
                    },
                    "content": "{\"id\":\"AS1712\", \"name\":\"UW Friends and Family 5K Enrollment Bonus\", \"companyName\":\"University of Washington\", \"startDate\":\"1/1/2017\", \"endDate\":\"10/31/2017\", \"emailDomains\":[\"@uw.edu\"],\"RequireEmailValidation\":\"false\",\"promoName\":\"AS1712 UW Friends and Family 5K Enrollment Bonus\", \"IsJoinOnly\":\"true\" }"
                },
                {
                    "$": {
                        "tfid": "{C3950F71-EF1E-4DD6-B356-780C544EDA93}",
                        "key": "logo",
                        "type": "Rich Text"
                    },
                    "content": ""
                },
                {
                    "$": {
                        "tfid": "{D5D5017F-50CD-42AB-84D8-A3974C9C0811}",
                        "key": "b",
                        "type": "Rich Text"
                    },
                    "content": "<!-- <strong>Content B</strong>\n<p>\nLorem ipsum dolor sit amet, consectetur adipiscing elit. Cras mi nunc, scelerisque sit amet finibus ut, tempus vel nisl. Etiam odio lorem, efficitur suscipit dignissim quis, posuere at neque. Donec dictum justo eget tortor cursus, ac iaculis nisi facilisis. Suspendisse hendrerit posuere tortor. Suspendisse quis mollis ex. Ut viverra vel nibh id eleifend. Suspendisse potenti.\n</p>  -->"
                },
                {
                    "$": {
                        "tfid": "{001DD393-96C5-490B-924A-B0F25CD9EFD8}",
                        "key": "__lock",
                        "type": "Multi-Line Text"
                    },
                    "content": "<r owner=\"sitecore\\sturner\" date=\"20181207T223051Z\" />"
                },
                {
                    "$": {
                        "tfid": "{1F6751F2-9550-47F6-BF82-B5DFA9282650}",
                        "key": "intro",
                        "type": "Rich Text"
                    },
                    "content": "<h1>NORCAL. SOCAL. ALLCAL.\n</h1>\n<p class=\"lead\">We fly from 15 California cities: Burbank, Fresno, Los Angeles, Monterey, Oakland, Ontario, Orange County, Palm Springs, Sacramento, San Diego, San Francisco, San Jose, San Luis Obispo, Santa Barbara, and Santa Rosa. <br />\n<br />\nWe are proud to serve all airports in the Bay.\n</p>\n<p>Receive one discount of 15% toward travel Tuesday/Wednesday/Saturday between California and the US or Canada (excluding Hawaii), and Monday-Thursday between California and Hawaii, Mexico, or Costa Rica, or 10% off other days.</p>\n<p>To claim your discount, enter the 16 digit authorization code from your printed flyer below, then enter the verification code.</p>\n<p>Your authorization code must be claimed and tickets must be purchased by April 30, 2019. Travel is valid from January 3, 2019 &ndash; May 31, 2019.</p>"
                },
                {
                    "$": {
                        "tfid": "{2446FFE8-6940-4AB0-A93D-C4B7F99243E3}",
                        "key": "hero",
                        "type": "Rich Text"
                    },
                    "content": "<style>\n\n.heroContainer img {\n    width: 100%;\n    max-height: 400px; \n}</style>\n\n<img src=\"//resource.alaskaair.net/-/media/Images/campaigns/reg-promo/uw-acq/DesktopImage\" alt=\"Alaska Airlines aircraft in flight\" />"
                },
                {
                    "$": {
                        "tfid": "{25BED78C-4957-4165-998A-CA1B52F67497}",
                        "key": "__created",
                        "type": "datetime"
                    },
                    "content": "20180417T173548Z"
                },
                {
                    "$": {
                        "tfid": "{52807595-0F8F-4B20-8D2A-CB71D28C6103}",
                        "key": "__owner",
                        "type": "Single-Line Text"
                    },
                    "content": "sitecore\\evotch"
                },
                {
                    "$": {
                        "tfid": "{D9CF14B1-FA16-4BA6-9288-E8A174D4D522}",
                        "key": "__updated",
                        "type": "datetime"
                    },
                    "content": "20181207T223958Z"
                },
                {
                    "$": {
                        "tfid": "{E0466C9C-44D0-4EAA-A4CB-F0255F61BF52}",
                        "key": "c",
                        "type": "Rich Text"
                    },
                    "content": "<!-- <strong>Content C</strong>\n<p>\nLorem ipsum dolor sit amet, consectetur adipiscing elit. Cras mi nunc, scelerisque sit amet finibus ut, tempus vel nisl. Etiam odio lorem, efficitur suscipit dignissim quis, posuere at neque. Donec dictum justo eget tortor cursus, ac iaculis nisi facilisis. Suspendisse hendrerit posuere tortor. Suspendisse quis mollis ex. Ut viverra vel nibh id eleifend. Suspendisse potenti.\n</p>  -->"
                }
            ]
        }
    }
}