{
    "item": {
        "$": {
            "name": "google",
            "key": "google",
            "id": "{274FE4CD-D2E1-44C1-BD54-11525BE6A20C}",
            "tid": "{3515DFA5-C29B-43C6-89BC-3BCCC02DB3F8}",
            "mid": "{00000000-0000-0000-0000-000000000000}",
            "sortorder": "100",
            "language": "en",
            "version": "4",
            "template": "custompromo",
            "parentid": "{C5FDFA1C-0C1A-4FBB-80F6-AE8FEC232151}",
            "created": "20180216T174902Z"
        },
        "fields": {
            "field": [
                {
                    "$": {
                        "tfid": "{5DD74568-4D4B-44C1-B513-0AF5F4CDA34F}",
                        "key": "__created by",
                        "type": "Single-Line Text"
                    },
                    "content": "sitecore\\JCarlon"
                },
                {
                    "$": {
                        "tfid": "{C8F93AFE-BFD4-4E8F-9C61-152559854661}",
                        "key": "__valid from",
                        "type": "datetime"
                    },
                    "content": "20180216T180932Z"
                },
                {
                    "$": {
                        "tfid": "{421162AE-0544-4BB6-BBB5-27BD5D36C87D}",
                        "key": "a",
                        "type": "Rich Text"
                    },
                    "content": "\n"
                },
                {
                    "$": {
                        "tfid": "{BADD9CF9-53E0-4D0C-BCC0-2D784C282F6A}",
                        "key": "__updated by",
                        "type": "Single-Line Text"
                    },
                    "content": "sitecore\\JCarlon"
                },
                {
                    "$": {
                        "tfid": "{8CDC337E-A112-42FB-BBB4-4143751E123F}",
                        "key": "__revision",
                        "type": "Single-Line Text"
                    },
                    "content": "cd7bd491-1121-4ed7-8290-cd8baafc431b"
                },
                {
                    "$": {
                        "tfid": "{D2D88CF4-BBB2-4E33-A119-57A4B9DEFEF7}",
                        "key": "terms",
                        "type": "Rich Text"
                    },
                    "content": "<a name=\"terms\"></a>\n\n\n<p class=\"fine-print\"> <strong>Triple elite-qualifying miles offer:</strong><br /> Terms: Only Mileage Plan members who work at Google, as indicated by an e-mail address from google.com are eligible for this offer. Eligible members who register for this promotion before their first qualifying flight will receive triple elite qualifying miles on Alaska  flights with both an origin and destination in the state of California. Mileage for qualifying flights must be credited to the member's\nMileage Plan account. Qualifying flights must take place after the date registered for this promotion and between February 20, 2018, and June 30, 2018. Not valid on free or award travel. <strong>Bonus Elite-qualifying miles awarded as part of this offer apply only to the number of miles that count toward elite status qualification and will not be available for redemption.</strong>. Bonus and elite-qualifying miles will be awarded within four to six weeks of qualifying activity posting to a member's account. All terms and conditions of the Mileage Plan program apply. Offer subject to change without notice.</p>"
                },
                {
                    "$": {
                        "tfid": "{A5A02CF1-9D8D-4449-B904-5BDCF33ECC88}",
                        "key": "data",
                        "type": "Rich Text"
                    },
                    "content": "{\"id\":\"google\", \"name\":\"Welcome Google employees\", \"companyName\":\"Google\", \"startDate\":\"2/16/2018\", \"endDate\":\"6/30/2018\", \"emailDomains\":[\"@google.com\", \"@alaskaair.com\"],\"RequireEmailValidation\":\"true\",\"promoName\":\"AS1804 Google Employee Triple Elite Qual Promo\", \"IsJoinOnly\":\"false\" \"IsActiveBeforeStart\":\"false\" }"
                },
                {
                    "$": {
                        "tfid": "{C3950F71-EF1E-4DD6-B356-780C544EDA93}",
                        "key": "logo",
                        "type": "Rich Text"
                    },
                    "content": "<img width=\"200\" src=\"-/media/8BD29BF4DCC54F06BF8DA67C83854730\" alt=\"Google logo\" />"
                },
                {
                    "$": {
                        "tfid": "{D5D5017F-50CD-42AB-84D8-A3974C9C0811}",
                        "key": "b",
                        "type": "Rich Text"
                    },
                    "content": "<!-- additional copy for the email response page -->"
                },
                {
                    "$": {
                        "tfid": "{001DD393-96C5-490B-924A-B0F25CD9EFD8}",
                        "key": "__lock",
                        "type": "Multi-Line Text"
                    },
                    "content": "<r owner=\"sitecore\\JCarlon\" date=\"20181102T170207Z\" />"
                },
                {
                    "$": {
                        "tfid": "{1F6751F2-9550-47F6-BF82-B5DFA9282650}",
                        "key": "intro",
                        "type": "Rich Text"
                    },
                    "content": "<h1>Welcome Google employees!</h1>\n<p class=\"lead\">Fly like a boss with  triple elite-qualifying miles.</p>\n\n<p> Just register below, using your google.com email address, and we'll get you registered for our special offer. </p>\n\n<p>Once you've signed up, you'll earn triple elite-qualifying miles on Alaska flights within the state of California, through June 30, 2018 .</p>\n\n<p>Start flying and before you know it, you'll be enjoying the perks of an MVP® - including unlimited complimentary upgrades when available, free checked bags, priority boarding, and more. No minimum spend is required to earn status, which starts at just 20,000 miles &mdash; that's 7 round trips with this offer. Learn more about MVP status at  <a href=\"https://www.alaskaair.com/content/mileage-plan/membership-benefits/mvp?lid=vanity-mvp&int=promos-google\">www.alaskaair.com/mvp</a></p>\n\n\n<br /><br />\n"
                },
                {
                    "$": {
                        "tfid": "{2446FFE8-6940-4AB0-A93D-C4B7F99243E3}",
                        "key": "hero",
                        "type": "Rich Text"
                    },
                    "content": "<style>\n\n.heroContainer img {\n    width: 100%;\n    max-height: 400px; \n}</style>\n\n<img src=\"//resource.alaskaair.net/-/media/Images/campaigns/reg-promo/uw-acq/DesktopImage\" alt=\"Alaska Airlines aircraft in flight\" />"
                },
                {
                    "$": {
                        "tfid": "{25BED78C-4957-4165-998A-CA1B52F67497}",
                        "key": "__created",
                        "type": "datetime"
                    },
                    "content": "20180216T180932Z"
                },
                {
                    "$": {
                        "tfid": "{52807595-0F8F-4B20-8D2A-CB71D28C6103}",
                        "key": "__owner",
                        "type": "Single-Line Text"
                    },
                    "content": "sitecore\\evotch"
                },
                {
                    "$": {
                        "tfid": "{D9CF14B1-FA16-4BA6-9288-E8A174D4D522}",
                        "key": "__updated",
                        "type": "datetime"
                    },
                    "content": "20181102T170219Z"
                },
                {
                    "$": {
                        "tfid": "{E0466C9C-44D0-4EAA-A4CB-F0255F61BF52}",
                        "key": "c",
                        "type": "Rich Text"
                    },
                    "content": "<!-- merchandising placement for confirm page -->"
                }
            ]
        }
    }
}