{
    "item": {
        "$": {
            "name": "__Standard Values",
            "key": "__standard values",
            "id": "{4BF30A6E-8835-4566-B52A-8947D2249DED}",
            "tid": "{7E899043-80D7-41F0-81C7-EF82C04B2879}",
            "mid": "{00000000-0000-0000-0000-000000000000}",
            "sortorder": "100",
            "language": "en",
            "version": "1",
            "template": "3col",
            "parentid": "{7E899043-80D7-41F0-81C7-EF82C04B2879}",
            "created": "20160916T225200Z"
        },
        "fields": {
            "field": [
                {
                    "$": {
                        "tfid": "{7143919D-E6DE-4EEF-800A-0A2DA5D383DC}",
                        "key": "1col",
                        "type": "Single-Line Text"
                    },
                    "content": "col-sm-4"
                },
                {
                    "$": {
                        "tfid": "{5DD74568-4D4B-44C1-B513-0AF5F4CDA34F}",
                        "key": "__created by",
                        "type": "Single-Line Text"
                    },
                    "content": "sitecore\\admin"
                },
                {
                    "$": {
                        "tfid": "{68B010F6-8AA0-43FE-A7E5-1FD86AD0B087}",
                        "key": "container",
                        "type": "Single-Line Text"
                    },
                    "content": "container"
                },
                {
                    "$": {
                        "tfid": "{BADD9CF9-53E0-4D0C-BCC0-2D784C282F6A}",
                        "key": "__updated by",
                        "type": "Single-Line Text"
                    },
                    "content": "sitecore\\bshields"
                },
                {
                    "$": {
                        "tfid": "{8CDC337E-A112-42FB-BBB4-4143751E123F}",
                        "key": "__revision",
                        "type": "Single-Line Text"
                    },
                    "content": "40b57337-dec6-46b9-a2b0-82ede6b1d8cd"
                },
                {
                    "$": {
                        "tfid": "{25BED78C-4957-4165-998A-CA1B52F67497}",
                        "key": "__created",
                        "type": "datetime"
                    },
                    "content": "20160916T225200Z"
                },
                {
                    "$": {
                        "tfid": "{15AC0DE3-A5E4-491B-B25A-E6ED1A8377B4}",
                        "key": "example-classes",
                        "type": "Rich Text"
                    },
                    "content": "<p>Use any of the available classes below.</p>\n<h3>Text Alignment</h3>\n<code>text-center, text-right, text-left, </code>\n<h3>Container</h3\n<code>container,container-hero</code>\n<h3>Colors</h3\n<code>bg-limeade,bg-nemo,bg-galapagos,bg-tropical,bg-atlas,bg-midnight, bg-breeze, bg-mist</code>\n<h3>Utilities</h3\n<code>no-bottom-margin, padding-v-100, padding-h-100 (every 10 pixels down to 0 are also available, like padding-v-20, or padding-h-0)</code>\n<p>Additionally checkout the <a href=\"https://getbootstrap.com/docs/3.3/css/#responsive-utilities\">bootstrap documentation</a> for more utility classes</p>"
                },
                {
                    "$": {
                        "tfid": "{D9CF14B1-FA16-4BA6-9288-E8A174D4D522}",
                        "key": "__updated",
                        "type": "datetime"
                    },
                    "content": "20190613T185608Z"
                },
                {
                    "$": {
                        "tfid": "{48BBE5C8-2058-444A-9E1E-FBB70FA4A306}",
                        "key": "3col",
                        "type": "Single-Line Text"
                    },
                    "content": "col-sm-4"
                },
                {
                    "$": {
                        "tfid": "{6B679BDD-AA17-43CE-A36B-FE700AA5D84A}",
                        "key": "2col",
                        "type": "Single-Line Text"
                    },
                    "content": "col-sm-4"
                },
                {
                    "$": {
                        "tfid": "{F1A1FE9E-A60C-4DDB-A3A0-BB5B29FE732E}",
                        "key": "__renderings",
                        "type": "layout"
                    },
                    "content": "<r />"
                },
                {
                    "$": {
                        "tfid": "{3094D236-5985-4C4F-AE6A-E30740885532}",
                        "key": "caching",
                        "type": "Custom"
                    },
                    "content": "0|0|0|0|0|0|0|0"
                }
            ]
        }
    }
}