{
    "item": {
        "$": {
            "name": "JL",
            "key": "jl",
            "id": "{A0AFF2AE-AC7E-4088-A05A-AB22206FDD86}",
            "tid": "{DAF085E8-602E-43A6-8299-038FF171349F}",
            "mid": "{00000000-0000-0000-0000-000000000000}",
            "sortorder": "100",
            "language": "en",
            "version": "1",
            "template": "jpeg",
            "parentid": "{CE6E4951-C874-4FF5-A0B8-BAEDD2E21817}",
            "created": "20160923T135315Z"
        },
        "fields": {
            "field": [
                {
                    "$": {
                        "tfid": "{D9CF14B1-FA16-4BA6-9288-E8A174D4D522}",
                        "key": "__updated",
                        "type": "datetime"
                    },
                    "content": "20160923T135453:636102356938495228"
                },
                {
                    "$": {
                        "tfid": "{52807595-0F8F-4B20-8D2A-CB71D28C6103}",
                        "key": "__owner",
                        "type": "Single-Line Text"
                    },
                    "content": "airgroup\\v-smeissne"
                },
                {
                    "$": {
                        "tfid": "{25BED78C-4957-4165-998A-CA1B52F67497}",
                        "key": "__created",
                        "type": "datetime"
                    },
                    "content": "20160923T135315"
                },
                {
                    "$": {
                        "tfid": "{8CDC337E-A112-42FB-BBB4-4143751E123F}",
                        "key": "__revision",
                        "type": "Single-Line Text"
                    },
                    "content": "0f75051d-112c-44b2-86d3-307c95a88d44"
                },
                {
                    "$": {
                        "tfid": "{3E431DE1-525E-47A3-B6B0-1CCBEC3A8C98}",
                        "key": "__workflow state",
                        "type": "Droptree"
                    },
                    "content": "{E9F12D8F-BB9B-4CDA-9AEC-2EF15863B7AA}"
                },
                {
                    "$": {
                        "tfid": "{BADD9CF9-53E0-4D0C-BCC0-2D784C282F6A}",
                        "key": "__updated by",
                        "type": "Single-Line Text"
                    },
                    "content": "airgroup\\v-smeissne"
                },
                {
                    "$": {
                        "tfid": "{5DD74568-4D4B-44C1-B513-0AF5F4CDA34F}",
                        "key": "__created by",
                        "type": "Single-Line Text"
                    },
                    "content": "airgroup\\v-smeissne"
                },
                {
                    "$": {
                        "tfid": "{DE2CA9E4-C117-4C8A-A139-1FF4B199D15A}",
                        "key": "height",
                        "type": "Single-Line Text"
                    },
                    "content": "20"
                },
                {
                    "$": {
                        "tfid": "{06D5295C-ED2F-4A54-9BF2-26228D113318}",
                        "key": "__icon",
                        "type": "Icon"
                    },
                    "content": "~/media/A0AFF2AEAC7E4088A05AAB22206FDD86.ashx?h=16&thn=1&w=16"
                },
                {
                    "$": {
                        "tfid": "{6F47A0A5-9C94-4B48-ABEB-42D38DEF6054}",
                        "key": "mime type",
                        "type": "Single-Line Text"
                    },
                    "content": "image/jpeg"
                },
                {
                    "$": {
                        "tfid": "{A4F985D9-98B3-4B52-AAAF-4344F6E747C6}",
                        "key": "__workflow",
                        "type": "Droptree"
                    },
                    "content": "{8ABD4B21-B481-4542-B1F7-CC2027BBB59B}"
                },
                {
                    "$": {
                        "tfid": "{6954B7C7-2487-423F-8600-436CB3B6DC0E}",
                        "key": "size",
                        "type": "Single-Line Text"
                    },
                    "content": "1972"
                },
                {
                    "$": {
                        "tfid": "{C06867FE-9A43-4C7D-B739-48780492D06F}",
                        "key": "extension",
                        "type": "Single-Line Text"
                    },
                    "content": "jpg"
                },
                {
                    "$": {
                        "tfid": "{40E50ED9-BA07-4702-992E-A912738D32DC}",
                        "key": "blob",
                        "type": "attachment"
                    },
                    "content": "{826CFECA-62A9-4F87-B70E-A3DCA1D0FC75}"
                },
                {
                    "$": {
                        "tfid": "{22EAC599-F13B-4607-A89D-C091763A467D}",
                        "key": "width",
                        "type": "Single-Line Text"
                    },
                    "content": "54"
                },
                {
                    "$": {
                        "tfid": "{CB09946F-3218-4823-87D2-D5007C199A96}",
                        "key": "dimensions",
                        "type": "Single-Line Text"
                    },
                    "content": "54 x 20"
                }
            ]
        }
    }
}