{
    "item": {
        "$": {
            "name": "BreadCrumbs",
            "key": "breadcrumbs",
            "id": "{1CD3BBD3-EEC1-4F2D-9A73-E9EC75D833F9}",
            "tid": "{455A3E98-A627-4B40-8035-E683A0331AC7}",
            "mid": "{00000000-0000-0000-0000-000000000000}",
            "sortorder": "100",
            "language": "en",
            "version": "1",
            "template": "template field",
            "parentid": "{C8922977-199C-4DE3-9C34-D62D6B840DE3}",
            "created": "20161221T000056Z"
        },
        "fields": {
            "field": [
                {
                    "$": {
                        "tfid": "{BADD9CF9-53E0-4D0C-BCC0-2D784C282F6A}",
                        "key": "__updated by",
                        "type": "Single-Line Text"
                    },
                    "content": "sitecore\\admin"
                },
                {
                    "$": {
                        "tfid": "{8CDC337E-A112-42FB-BBB4-4143751E123F}",
                        "key": "__revision",
                        "type": "Single-Line Text"
                    },
                    "content": "7bc940c1-6cd4-4e42-81b5-5cdf5ef754a8"
                },
                {
                    "$": {
                        "tfid": "{25BED78C-4957-4165-998A-CA1B52F67497}",
                        "key": "__created",
                        "type": "datetime"
                    },
                    "content": "20161221T000056Z"
                },
                {
                    "$": {
                        "tfid": "{D9CF14B1-FA16-4BA6-9288-E8A174D4D522}",
                        "key": "__updated",
                        "type": "datetime"
                    },
                    "content": "20161221T183441Z"
                },
                {
                    "$": {
                        "tfid": "{AB162CC0-DC80-4ABF-8871-998EE5D7BA32}",
                        "key": "type",
                        "type": "Grouped Droplist"
                    },
                    "content": "Checkbox"
                }
            ]
        }
    }
}