{
    "item": {
        "$": {
            "name": "__Standard Values",
            "key": "__standard values",
            "id": "{63A37A41-94D2-43EA-BA8D-B749D50D89DB}",
            "tid": "{EB4A6989-A751-44CD-8EB9-AA2C3646D4F7}",
            "mid": "{00000000-0000-0000-0000-000000000000}",
            "sortorder": "100",
            "language": "en",
            "version": "1",
            "template": "partal page",
            "parentid": "{EB4A6989-A751-44CD-8EB9-AA2C3646D4F7}",
            "created": "20160825T180547Z"
        },
        "fields": {
            "field": [
                {
                    "$": {
                        "tfid": "{5DD74568-4D4B-44C1-B513-0AF5F4CDA34F}",
                        "key": "__created by",
                        "type": "Single-Line Text"
                    },
                    "content": "sitecore\\admin"
                },
                {
                    "$": {
                        "tfid": "{047DF8F1-1DEB-4E0C-B524-1C1B1124D950}",
                        "key": "panel border color",
                        "type": "Droplist"
                    },
                    "content": "panel-default"
                },
                {
                    "$": {
                        "tfid": "{3E431DE1-525E-47A3-B6B0-1CCBEC3A8C98}",
                        "key": "__workflow state",
                        "type": "Droptree"
                    },
                    "content": ""
                },
                {
                    "$": {
                        "tfid": "{BADD9CF9-53E0-4D0C-BCC0-2D784C282F6A}",
                        "key": "__updated by",
                        "type": "Single-Line Text"
                    },
                    "content": "sitecore\\unicorn"
                },
                {
                    "$": {
                        "tfid": "{8CDC337E-A112-42FB-BBB4-4143751E123F}",
                        "key": "__revision",
                        "type": "Single-Line Text"
                    },
                    "content": "1b239532-017e-4b77-a6be-7f78799e4c33"
                },
                {
                    "$": {
                        "tfid": "{25BED78C-4957-4165-998A-CA1B52F67497}",
                        "key": "__created",
                        "type": "datetime"
                    },
                    "content": "20160825T180547Z"
                },
                {
                    "$": {
                        "tfid": "{8A5E4382-9DE6-4BDE-8810-DA924EC5501E}",
                        "key": "padding",
                        "type": "Droplist"
                    },
                    "content": ""
                },
                {
                    "$": {
                        "tfid": "{D9CF14B1-FA16-4BA6-9288-E8A174D4D522}",
                        "key": "__updated",
                        "type": "datetime"
                    },
                    "content": "20170731T222528Z"
                },
                {
                    "$": {
                        "tfid": "{CA9B9F52-4FB0-4F87-A79F-24DEA62CDA65}",
                        "key": "__default workflow",
                        "type": "Droptree"
                    },
                    "content": "{32306484-5A0E-4CCD-917C-924E74DD34AD}"
                },
                {
                    "$": {
                        "tfid": "{A4F985D9-98B3-4B52-AAAF-4344F6E747C6}",
                        "key": "__workflow",
                        "type": "Droptree"
                    },
                    "content": "{32306484-5A0E-4CCD-917C-924E74DD34AD}"
                },
                {
                    "$": {
                        "tfid": "{F1A1FE9E-A60C-4DDB-A3A0-BB5B29FE732E}",
                        "key": "__renderings",
                        "type": "layout"
                    },
                    "content": "<r><d id=\"{FE5D7FDF-89C0-4D99-9AA3-B5FBD009C9F3}\" l=\"{C893E494-6904-47BC-A758-B7E063558838}\" /></r>"
                }
            ]
        }
    }
}