{
    "item": {
        "$": {
            "name": "Cities",
            "key": "cities",
            "id": "{8A8DABC8-43ED-4FF1-A618-A4F4CBB101C9}",
            "tid": "{DBCB5025-0892-40CB-AF2B-F584B94DD132}",
            "mid": "{00000000-0000-0000-0000-000000000000}",
            "sortorder": "400",
            "language": "en",
            "version": "1",
            "template": "configuration group",
            "parentid": "{69E98E53-7137-4E9D-BE44-7BB930AA37A8}",
            "created": "20161130T220142Z"
        },
        "fields": {
            "field": [
                {
                    "$": {
                        "tfid": "{5DD74568-4D4B-44C1-B513-0AF5F4CDA34F}",
                        "key": "__created by",
                        "type": "Single-Line Text"
                    },
                    "content": "sitecore\\admin"
                },
                {
                    "$": {
                        "tfid": "{BADD9CF9-53E0-4D0C-BCC0-2D784C282F6A}",
                        "key": "__updated by",
                        "type": "Single-Line Text"
                    },
                    "content": "sitecore\\admin"
                },
                {
                    "$": {
                        "tfid": "{8CDC337E-A112-42FB-BBB4-4143751E123F}",
                        "key": "__revision",
                        "type": "Single-Line Text"
                    },
                    "content": "ba02a37c-e5a0-4595-a977-299761f8b2a5"
                },
                {
                    "$": {
                        "tfid": "{25BED78C-4957-4165-998A-CA1B52F67497}",
                        "key": "__created",
                        "type": "datetime"
                    },
                    "content": "20161130T220142Z"
                },
                {
                    "$": {
                        "tfid": "{52807595-0F8F-4B20-8D2A-CB71D28C6103}",
                        "key": "__owner",
                        "type": "Single-Line Text"
                    },
                    "content": "sitecore\\admin"
                },
                {
                    "$": {
                        "tfid": "{D9CF14B1-FA16-4BA6-9288-E8A174D4D522}",
                        "key": "__updated",
                        "type": "datetime"
                    },
                    "content": "20161206T233133Z"
                },
                {
                    "$": {
                        "tfid": "{1172F251-DAD4-4EFB-A329-0C63500E4F1E}",
                        "key": "__masters",
                        "type": "TreelistEx"
                    },
                    "content": "{D95E4C45-8AD4-4241-A71F-83DF68CDBB38}"
                },
                {
                    "$": {
                        "tfid": "{BA3F86A2-4A1C-4D78-B63D-91C2779C1B5E}",
                        "key": "__sortorder",
                        "type": "Single-Line Text"
                    },
                    "content": "400"
                }
            ]
        }
    }
}