{
    "item": {
        "$": {
            "name": "Standard template",
            "key": "standard template",
            "id": "{1930BBEB-7805-471A-A3BE-4858AC7CF696}",
            "tid": "{AB86861A-6030-46C5-B394-E8F99E8B87DB}",
            "mid": "{00000000-0000-0000-0000-000000000000}",
            "sortorder": "100",
            "language": "en",
            "version": "1",
            "template": "template",
            "parentid": "{633549D3-4B7D-40EB-B58F-EDA50BA5F7F0}",
            "created": "20170407T122041Z"
        },
        "fields": {
            "field": [
                {
                    "$": {
                        "tfid": "{5DD74568-4D4B-44C1-B513-0AF5F4CDA34F}",
                        "key": "__created by",
                        "type": "Single-Line Text"
                    },
                    "content": "sitecore\\admin"
                },
                {
                    "$": {
                        "tfid": "{BADD9CF9-53E0-4D0C-BCC0-2D784C282F6A}",
                        "key": "__updated by",
                        "type": "Single-Line Text"
                    },
                    "content": "sitecore\\admin"
                },
                {
                    "$": {
                        "tfid": "{8CDC337E-A112-42FB-BBB4-4143751E123F}",
                        "key": "__revision",
                        "type": "Single-Line Text"
                    },
                    "content": "031ffbbe-e2f8-4478-ae5d-87b17c86c2c8"
                },
                {
                    "$": {
                        "tfid": "{25BED78C-4957-4165-998A-CA1B52F67497}",
                        "key": "__created",
                        "type": "datetime"
                    },
                    "content": "20110221T110100"
                },
                {
                    "$": {
                        "tfid": "{52807595-0F8F-4B20-8D2A-CB71D28C6103}",
                        "key": "__owner",
                        "type": "Single-Line Text"
                    },
                    "content": "sitecore\\admin"
                },
                {
                    "$": {
                        "tfid": "{D9CF14B1-FA16-4BA6-9288-E8A174D4D522}",
                        "key": "__updated",
                        "type": "datetime"
                    },
                    "content": "20130125T140155:634947193159287808"
                },
                {
                    "$": {
                        "tfid": "{12C33F3F-86C5-43A5-AEB4-5598CEC45116}",
                        "key": "__base template",
                        "type": "tree list"
                    },
                    "content": "{646F4B34-708C-41C2-9F4B-2661849777F3}|{F5BC7AE4-F62D-47CD-9AFB-2C9F85D8313B}|{18420296-D8FC-4D93-A79E-2A2B0367A92C}|{4D30906D-0B49-4FA7-969D-BF90157357EA}|{6EF07334-7FBA-4845-BF0A-CD5B2000C75A}|{38A2F441-DB17-4039-90E2-6A32F7A81706}|{823ECF5F-AE72-40B5-BC87-CB425FE7E5F6}|{AF530C7B-8B87-458B-80CE-239D1E1B9E60}|{6495CF23-DE9C-48B7-9D3C-05E2418B3CAE}|{AB811AF4-393C-4A46-ACD7-81D30917E7F4}|{1597272C-C823-4AAC-86F8-CA9CC4D573B5}|{0AA6D3F8-C9D0-401F-83AA-A41433C24767}|{93F3A8FA-9E5A-4848-A5AD-42AAD11A4871}|{2491819E-0C61-4F5A-903C-E10FCD9D302A}|{06F366E6-A7E6-470B-9EC9-CD29A4F6C8E8}"
                },
                {
                    "$": {
                        "tfid": "{6FD695E7-7F6D-4CA5-8B49-A829E5950AE9}",
                        "key": "__subitems sorting",
                        "type": "Droplink"
                    },
                    "content": "{781247D2-9785-400F-8935-C818EC757967}"
                },
                {
                    "$": {
                        "tfid": "{A0CB3965-8884-4C7A-8815-B6B2E5CED162}",
                        "key": "__editors",
                        "type": "TreelistEx"
                    },
                    "content": "{CFABCE9D-D34A-4990-8113-FCCF583A16C4}|{30723E7D-918F-48D9-8A29-97CBE9951B4B}"
                }
            ]
        }
    }
}