{
    "item": {
        "$": {
            "name": "FJ2001",
            "key": "fj2001",
            "id": "{BAC538FA-2CB9-43D1-912D-54E9749CCD34}",
            "tid": "{3515DFA5-C29B-43C6-89BC-3BCCC02DB3F8}",
            "mid": "{00000000-0000-0000-0000-000000000000}",
            "sortorder": "100",
            "language": "en",
            "version": "1",
            "template": "custompromo",
            "parentid": "{C5FDFA1C-0C1A-4FBB-80F6-AE8FEC232151}",
            "created": "20191224T151752Z"
        },
        "fields": {
            "field": [
                {
                    "$": {
                        "tfid": "{5DD74568-4D4B-44C1-B513-0AF5F4CDA34F}",
                        "key": "__created by",
                        "type": "Single-Line Text"
                    },
                    "content": "sitecore\\evotch"
                },
                {
                    "$": {
                        "tfid": "{421162AE-0544-4BB6-BBB5-27BD5D36C87D}",
                        "key": "a",
                        "type": "Rich Text"
                    },
                    "content": ""
                },
                {
                    "$": {
                        "tfid": "{BADD9CF9-53E0-4D0C-BCC0-2D784C282F6A}",
                        "key": "__updated by",
                        "type": "Single-Line Text"
                    },
                    "content": "sitecore\\sturner"
                },
                {
                    "$": {
                        "tfid": "{8CDC337E-A112-42FB-BBB4-4143751E123F}",
                        "key": "__revision",
                        "type": "Single-Line Text"
                    },
                    "content": "263ef856-2ec3-48d3-89ae-57ba5fb60493"
                },
                {
                    "$": {
                        "tfid": "{D2D88CF4-BBB2-4E33-A119-57A4B9DEFEF7}",
                        "key": "terms",
                        "type": "Rich Text"
                    },
                    "content": "<p class=\"fine-print\">Offer valid on flights operated and marketed by Fiji Airways and credited to a Member's Mileage Plan account. Member must register for the promotion at <a href=\"https://www.alaskaair.com/promo/fj2001\"> http://www.alaskaair.com/promo/FJ2001</a> before the first qualifying flight, and book flights for this promotion by February 29, 2020 to receive double miles. Percentage of base miles earned can be viewed on the corresponding <a href=\"https://www.alaskaair.com/content/mileage-plan/how-to-earn-miles/airline-partners/fiji-airways?lid=mileageplan:airline-partner-overview:FJ\" target=\"_blank\">Fiji Airways partner page</a>. Double miles offer is valid only on qualifying paid flights in fare class J, C, D, I, Z, Y, B, H, L, O, K, W, Q, S, M, V, G, T, N, or  R from February 1, 2020 through June 30, 2020. All travel must be completed by June 30, 2020. Not valid on free or award travel. Double miles do not count toward Mileage Plan elite status. Please allow four to six weeks for miles to be credited to your Mileage Plan account. All terms and conditions of the Mileage Plan program apply. Offer subject to change without notice.</p>"
                },
                {
                    "$": {
                        "tfid": "{A5A02CF1-9D8D-4449-B904-5BDCF33ECC88}",
                        "key": "data",
                        "type": "Rich Text"
                    },
                    "content": "{\"id\":\"FJ2001\", \"name\":\"FJ2001 Fiji Double Miles Promotion\", \"companyName\":\"Mileage Plan number and\", \"startDate\":\"12/24/2019\", \"endDate\":\"2/29/2020\", \"emailDomains\":[\"\"],\"RequireEmailValidation\":\"false\",\"promoName\":\"FJ2001 Fiji Double Miles Promotion\", \"IsJoinOnly\":\"false\" }"
                },
                {
                    "$": {
                        "tfid": "{C3950F71-EF1E-4DD6-B356-780C544EDA93}",
                        "key": "logo",
                        "type": "Rich Text"
                    },
                    "content": "<img style=\"display:block;\" width=\"200\" src=\"-/media/4A1CC3AF26F449ECBC665B37DD3CEB3E\" alt=\"Alaska Mileage Plan\" />\n<img style=\"display:block;padding-top:20px;\" width=\"200\" src=\"-/media/EC33C5CA13444CC9B89826EA2CBBA14D\" alt=\"Fiji Airways logo\" />"
                },
                {
                    "$": {
                        "tfid": "{D5D5017F-50CD-42AB-84D8-A3974C9C0811}",
                        "key": "b",
                        "type": "Rich Text"
                    },
                    "content": "<!-- <strong>Content B</strong>\n<p>\nLorem ipsum dolor sit amet, consectetur adipiscing elit. Cras mi nunc, scelerisque sit amet finibus ut, tempus vel nisl. Etiam odio lorem, efficitur suscipit dignissim quis, posuere at neque. Donec dictum justo eget tortor cursus, ac iaculis nisi facilisis. Suspendisse hendrerit posuere tortor. Suspendisse quis mollis ex. Ut viverra vel nibh id eleifend. Suspendisse potenti.\n</p>  -->"
                },
                {
                    "$": {
                        "tfid": "{001DD393-96C5-490B-924A-B0F25CD9EFD8}",
                        "key": "__lock",
                        "type": "Multi-Line Text"
                    },
                    "content": "<r owner=\"sitecore\\sturner\" date=\"20191224T151752Z\" />"
                },
                {
                    "$": {
                        "tfid": "{1F6751F2-9550-47F6-BF82-B5DFA9282650}",
                        "key": "intro",
                        "type": "Rich Text"
                    },
                    "content": "\n<h1>Fly with Fiji Airways and earn double miles.</h1>\n<p>Register here to earn yourself 2x the miles when you fly with Fiji Airways between February 1-June 30, 2020.</p>\n<p>Welcome to 2020!  Did you promise yourself more travel in the new year? You've definitely come to the right place. </p>\n<p>Pick your path to adventure with Fiji Airways, an Alaska Global Partner: </p>\n<p style=\"margin-left:2em;\">\nRegister here to earn double Mileage Plan miles when you fly on qualifying Fiji Airways flights to the South Pacific, Australia, and New Zealand. <br>\n<strong>or</strong><br>\n<a href=\"https://www.alaskaair.com/content/deals/fiji-airways-award-sale\" target=\"_blank\">Redeem a flight for up to 50% fewer miles</a> with Fiji Airways.\n</p>\n<p><strong>Choosing to earn double miles</strong></p>\n<p>With this offer, we're giving you the chance to earn double miles on select flights with Fiji Airways - miles that can be redeemed for even more trips in the future. </p>\n\n\n\n<p>Here's how it works:</p>\n<ol>\n    <li>Register your Mileage Plan number below and book your flight by February 29, 2020.</li>\n    <li>Between February 1, 2020 and June 30, 2020, fly on Fiji Airways.</li>\n<li>Double miles are credited to your Mileage Plan account within 4-6 weeks.</li>\n</ol>\n\n\n<p>Want to know more about Fiji?  Read our <a href=\"https://blog.alaskaair.com/Mileage-Plan/Global-Partners/fiji-travel-guide/\" target=\"_blank\">Fiji travel guide<span class=\"sr-only\">This indicates a link to an external site that may not follow the same accessibility or privacy policies as Alaska Airlines. By selecting a partner link you agree to share your data with these sites.</span>\n<span title=\"This indicates a link to an external site that may not follow the same accessibility or privacy policies as Alaska Airlines. By selecting a partner link you agree to share your data with these sites.\"><sup><i class=\"stepout-icon blue\"></i></sup></span></a> to start your exploration of this tropical paradise.</p>\n<p>Learn more about our Mileage Plan partnership with <a href=\"https://www.alaskaair.com/content/mileage-plan/how-to-earn-miles/airline-partners/fiji-airways?lid=mileageplan:airline-partner-overview:FJ\" target=\"_blank\">Fiji Airways.</a></p>\n<p><a href=\"#register-form\"></a></p>\n<a href=\"#register-form\">\n</a><a name=\"register-form\"></a>"
                },
                {
                    "$": {
                        "tfid": "{2446FFE8-6940-4AB0-A93D-C4B7F99243E3}",
                        "key": "hero",
                        "type": "Rich Text"
                    },
                    "content": "<!---<img src=\"//resource.alaskaair.net/-/media/Images/campaigns/reg-promo/uw-acq/DesktopImage\" alt=\"Alaska Airlines aircraft in flight\" />---><br />"
                },
                {
                    "$": {
                        "tfid": "{25BED78C-4957-4165-998A-CA1B52F67497}",
                        "key": "__created",
                        "type": "datetime"
                    },
                    "content": "20170811T164040Z"
                },
                {
                    "$": {
                        "tfid": "{52807595-0F8F-4B20-8D2A-CB71D28C6103}",
                        "key": "__owner",
                        "type": "Single-Line Text"
                    },
                    "content": "sitecore\\evotch"
                },
                {
                    "$": {
                        "tfid": "{D9CF14B1-FA16-4BA6-9288-E8A174D4D522}",
                        "key": "__updated",
                        "type": "datetime"
                    },
                    "content": "20200225T183607Z"
                },
                {
                    "$": {
                        "tfid": "{E0466C9C-44D0-4EAA-A4CB-F0255F61BF52}",
                        "key": "c",
                        "type": "Rich Text"
                    },
                    "content": "<!-- <strong>Content C</strong>\n<p>\nLorem ipsum dolor sit amet, consectetur adipiscing elit. Cras mi nunc, scelerisque sit amet finibus ut, tempus vel nisl. Etiam odio lorem, efficitur suscipit dignissim quis, posuere at neque. Donec dictum justo eget tortor cursus, ac iaculis nisi facilisis. Suspendisse hendrerit posuere tortor. Suspendisse quis mollis ex. Ut viverra vel nibh id eleifend. Suspendisse potenti.\n</p>  -->"
                }
            ]
        }
    }
}