{
    "item": {
        "$": {
            "name": "Common Template Items",
            "key": "common template items",
            "id": "{E2548858-882E-470B-A0E1-F35C233EBBFB}",
            "tid": "{A87A00B1-E6DB-45AB-8B54-636FEC3B5523}",
            "mid": "{00000000-0000-0000-0000-000000000000}",
            "sortorder": "300",
            "language": "en",
            "version": "1",
            "template": "folder",
            "parentid": "{B08BF1FA-4DDC-485B-A944-6EA59DDE0B79}",
            "created": "20161016T220610Z"
        },
        "fields": {
            "field": [
                {
                    "$": {
                        "tfid": "{5DD74568-4D4B-44C1-B513-0AF5F4CDA34F}",
                        "key": "__created by",
                        "type": "Single-Line Text"
                    },
                    "content": "sitecore\\admin"
                },
                {
                    "$": {
                        "tfid": "{BADD9CF9-53E0-4D0C-BCC0-2D784C282F6A}",
                        "key": "__updated by",
                        "type": "Single-Line Text"
                    },
                    "content": "sitecore\\admin"
                },
                {
                    "$": {
                        "tfid": "{8CDC337E-A112-42FB-BBB4-4143751E123F}",
                        "key": "__revision",
                        "type": "Single-Line Text"
                    },
                    "content": "a5432892-8972-4dfd-8059-87832aed63c9"
                },
                {
                    "$": {
                        "tfid": "{25BED78C-4957-4165-998A-CA1B52F67497}",
                        "key": "__created",
                        "type": "datetime"
                    },
                    "content": "20161016T220610Z"
                },
                {
                    "$": {
                        "tfid": "{D9CF14B1-FA16-4BA6-9288-E8A174D4D522}",
                        "key": "__updated",
                        "type": "datetime"
                    },
                    "content": "20161016T220812Z"
                },
                {
                    "$": {
                        "tfid": "{BA3F86A2-4A1C-4D78-B63D-91C2779C1B5E}",
                        "key": "__sortorder",
                        "type": "Single-Line Text"
                    },
                    "content": "300"
                }
            ]
        }
    }
}