{
    "item": {
        "$": {
            "name": "AS2006",
            "key": "as2006",
            "id": "{5871CEDA-31C0-4D1D-B9BC-525E47012595}",
            "tid": "{3515DFA5-C29B-43C6-89BC-3BCCC02DB3F8}",
            "mid": "{00000000-0000-0000-0000-000000000000}",
            "sortorder": "100",
            "language": "en",
            "version": "6",
            "template": "custompromo",
            "parentid": "{C5FDFA1C-0C1A-4FBB-80F6-AE8FEC232151}",
            "created": "20200205T221454Z"
        },
        "fields": {
            "field": [
                {
                    "$": {
                        "tfid": "{5DD74568-4D4B-44C1-B513-0AF5F4CDA34F}",
                        "key": "__created by",
                        "type": "Single-Line Text"
                    },
                    "content": "sitecore\\sturner"
                },
                {
                    "$": {
                        "tfid": "{C8F93AFE-BFD4-4E8F-9C61-152559854661}",
                        "key": "__valid from",
                        "type": "datetime"
                    },
                    "content": "20200207T223331Z"
                },
                {
                    "$": {
                        "tfid": "{421162AE-0544-4BB6-BBB5-27BD5D36C87D}",
                        "key": "a",
                        "type": "Rich Text"
                    },
                    "content": "\n"
                },
                {
                    "$": {
                        "tfid": "{BADD9CF9-53E0-4D0C-BCC0-2D784C282F6A}",
                        "key": "__updated by",
                        "type": "Single-Line Text"
                    },
                    "content": "sitecore\\sturner"
                },
                {
                    "$": {
                        "tfid": "{8CDC337E-A112-42FB-BBB4-4143751E123F}",
                        "key": "__revision",
                        "type": "Single-Line Text"
                    },
                    "content": "a5456f25-9102-47ee-a9c3-8e7fefed94ac"
                },
                {
                    "$": {
                        "tfid": "{D2D88CF4-BBB2-4E33-A119-57A4B9DEFEF7}",
                        "key": "terms",
                        "type": "Rich Text"
                    },
                    "content": "<p class=\"fine-print\"> \n*Complimentary upgrades are not available when booking a Saver fare, in X class of service.<br>\nOnly Mileage Plan members who work at Nike as indicated by an e-mail address from Nike.com, or Converse.com are eligible for this offer.  Eligible members who register for this promotion will be upgraded to MVP status within 10 days and will retain that status through June 30, 2020.  Registered members must complete 2 round-trips (4 qualifying flight segments) between date of registration and June 30, 2020 in order to extend their MVP status, 4 roundtrips (8 qualifying flight segments) to earn MVP Gold, or 10 round-trips (20 qualifying flight segments) to earn MVP Gold 75K valid through December 31, 2020.  To qualify, flights must be marketed and operated by Alaska Airlines or Horizon Airlines and must be credited to the member's Mileage Plan account. Qualifying flights must take place between the date registered for this promotion and June 30, 2020.  Codeshare flights, flights on Alaska Global Partners, free or award travel, or on Saver Fares, which are flights booked in X class of service, are not qualifying flight segments under this promotion.  Members who earn MVP Gold 75K status as part of this special offer are not eligible for the 50,000 bonus miles associated with qualifying for MVP Gold 75K status.  All terms and conditions of the Mileage Plan program apply. Offer subject to change without notice. Registration ends March 15, 2020.</p>\n"
                },
                {
                    "$": {
                        "tfid": "{A5A02CF1-9D8D-4449-B904-5BDCF33ECC88}",
                        "key": "data",
                        "type": "Rich Text"
                    },
                    "content": "{\"id\":\"AS2006\", \"name\":\"Nike Quick Qual Promo\", \"companyName\":\"Nike\", \"startDate\":\"11/2/2018\", \"endDate\":\"3/16/2020\", \"emailDomains\":[\"@nike.com\" , \"@alaskaair.com\", \"@Converse.com\"],\"RequireEmailValidation\":\"true\",\"promoName\":\"AS2006 Nike Quick Qual Promo\", \"IsJoinOnly\":\"false\", \"IsActiveBeforeStart\":\"true\" }"
                },
                {
                    "$": {
                        "tfid": "{C3950F71-EF1E-4DD6-B356-780C544EDA93}",
                        "key": "logo",
                        "type": "Rich Text"
                    },
                    "content": "<img width=\"200\" src=\"-/media/1FD4456AF4A043DB813675D5037BD015\" alt=\"Nike Travel\" />\n\n"
                },
                {
                    "$": {
                        "tfid": "{D5D5017F-50CD-42AB-84D8-A3974C9C0811}",
                        "key": "b",
                        "type": "Rich Text"
                    },
                    "content": ""
                },
                {
                    "$": {
                        "tfid": "{001DD393-96C5-490B-924A-B0F25CD9EFD8}",
                        "key": "__lock",
                        "type": "Multi-Line Text"
                    },
                    "content": "<r owner=\"sitecore\\sturner\" date=\"20200224T212026Z\" />"
                },
                {
                    "$": {
                        "tfid": "{1F6751F2-9550-47F6-BF82-B5DFA9282650}",
                        "key": "intro",
                        "type": "Rich Text"
                    },
                    "content": "\n\n<h1>Nike employees, this one's for you.</h1>\n<p class=\"lead\">Here's your chance to get on the fast track to elite status.</p>\n\n<p>For a limited time, we're offering Nike employees a quicker way to earn elite status with us this year.</p>\n<p><a href=\"/content/mileage-plan/membership-benefits\" target=\"_blank\">Elite status</a> in our Mileage Plan&trade; program means two checked bags for you and companions on the same reservation, priority boarding, complimentary upgrades when available*, bonus miles on base miles earned, access to preferred seating and dedicated customer service phone lines, and so much more.\n</p>\n\n<p><strong>Here's how it works:</strong></p>\n\n<ol>\n<li>Register for this offer using the form below.  Be sure to use your Nike.com, or Converse.com email address - we'll need it to verify that you are a Nike employee. Registration ends March 15, 2020.</li>\n<li>Within 10 days of registration, you'll be upgraded to trial MVP status, good through June 30, 2020.</li>\n<li>Then, fly with us through June 30, 2020 to earn a higher level of elite status, which you'll have through December 31, 2020.  \n<ul>\n<li>Fly 2 round-trips on Alaska to keep <a href=\"/content/mileage-plan/membership-benefits/mvp\">MVP® status.</a></li>\n<li>Fly 4 round-trips on Alaska to earn <a href=\"/content/mileage-plan/membership-benefits/mvp-gold\">MVP® Gold status.</a></li>\n<li>Fly 10 round-trips on Alaska to earn <a href=\"/content/mileage-plan/membership-benefits/mvp-gold-75k\">MVP® Gold 75K status.</a></li>\n</ul>\n</li>\n</ol>\n\n<br /><br />\n"
                },
                {
                    "$": {
                        "tfid": "{2446FFE8-6940-4AB0-A93D-C4B7F99243E3}",
                        "key": "hero",
                        "type": "Rich Text"
                    },
                    "content": "<img src=\"//resource.alaskaair.net/-/media/Images/campaigns/reg-promo/uw-acq/DesktopImage\" alt=\"Alaska Airlines aircraft in flight\" />"
                },
                {
                    "$": {
                        "tfid": "{E0466C9C-44D0-4EAA-A4CB-F0255F61BF52}",
                        "key": "c",
                        "type": "Rich Text"
                    },
                    "content": ""
                },
                {
                    "$": {
                        "tfid": "{25BED78C-4957-4165-998A-CA1B52F67497}",
                        "key": "__created",
                        "type": "datetime"
                    },
                    "content": "20200207T223331Z"
                },
                {
                    "$": {
                        "tfid": "{52807595-0F8F-4B20-8D2A-CB71D28C6103}",
                        "key": "__owner",
                        "type": "Single-Line Text"
                    },
                    "content": "sitecore\\evotch"
                },
                {
                    "$": {
                        "tfid": "{D9CF14B1-FA16-4BA6-9288-E8A174D4D522}",
                        "key": "__updated",
                        "type": "datetime"
                    },
                    "content": "20200225T183433Z"
                },
                {
                    "$": {
                        "tfid": "{1172F251-DAD4-4EFB-A329-0C63500E4F1E}",
                        "key": "__masters",
                        "type": "TreelistEx"
                    },
                    "content": "{EB4A6989-A751-44CD-8EB9-AA2C3646D4F7}"
                }
            ]
        }
    }
}