{
    "item": {
        "$": {
            "name": "CX1901",
            "key": "cx1901",
            "id": "{D209E1D3-C10F-473E-ACF1-481C1A700CEF}",
            "tid": "{3515DFA5-C29B-43C6-89BC-3BCCC02DB3F8}",
            "mid": "{00000000-0000-0000-0000-000000000000}",
            "sortorder": "100",
            "language": "en",
            "version": "1",
            "template": "custompromo",
            "parentid": "{C5FDFA1C-0C1A-4FBB-80F6-AE8FEC232151}",
            "created": "20190225T211950Z"
        },
        "fields": {
            "field": [
                {
                    "$": {
                        "tfid": "{5DD74568-4D4B-44C1-B513-0AF5F4CDA34F}",
                        "key": "__created by",
                        "type": "Single-Line Text"
                    },
                    "content": "sitecore\\evotch"
                },
                {
                    "$": {
                        "tfid": "{421162AE-0544-4BB6-BBB5-27BD5D36C87D}",
                        "key": "a",
                        "type": "Rich Text"
                    },
                    "content": ""
                },
                {
                    "$": {
                        "tfid": "{BADD9CF9-53E0-4D0C-BCC0-2D784C282F6A}",
                        "key": "__updated by",
                        "type": "Single-Line Text"
                    },
                    "content": "sitecore\\sturner"
                },
                {
                    "$": {
                        "tfid": "{8CDC337E-A112-42FB-BBB4-4143751E123F}",
                        "key": "__revision",
                        "type": "Single-Line Text"
                    },
                    "content": "b9c85575-dfa4-419c-ac31-1634d6661c81"
                },
                {
                    "$": {
                        "tfid": "{D2D88CF4-BBB2-4E33-A119-57A4B9DEFEF7}",
                        "key": "terms",
                        "type": "Rich Text"
                    },
                    "content": "<p class=\"fine-print\">Offer valid on flights operated and marketed by Cathay Pacific and credited to a Mileage Plan member&rsquo;s Mileage Plan account. Members must register and book flights for this promotion through May 31, 2019 to receive double miles. Percentage of base miles earned can be viewed on the corresponding Cathay Pacific partner page. Double miles offer is valid only on qualifying paid nonstop flights booked in fare class J, C, D, I, W, E, R, Y, B, H, K, L, M, V between Seattle (SEA) and Hong Kong (HKG) from March 31, 2019, through May 31, 2019. All travel must be completed by May 31, 2019. Not valid on free or award travel. Double miles do not count toward Mileage Plan elite status. Please allow four to six weeks for miles to be credited to your Mileage Plan account. All terms and conditions of the Mileage Plan program apply. Offer subject to change without notice.</p>"
                },
                {
                    "$": {
                        "tfid": "{A5A02CF1-9D8D-4449-B904-5BDCF33ECC88}",
                        "key": "data",
                        "type": "Rich Text"
                    },
                    "content": "{\"id\":\"CX1901\", \"name\":\" Cathay Pacific Double Miles\", \"companyName\":\"Mileage Plan number and\", \"startDate\":\"3/1/2019\", \"endDate\":\"5/31/2019\", \"emailDomains\":[\"\"],\"RequireEmailValidation\":\"false\",\"promoName\":\"CX1901 Cathay Pacific Double Miles Promotion\", \"IsJoinOnly\":\"false\" }"
                },
                {
                    "$": {
                        "tfid": "{C3950F71-EF1E-4DD6-B356-780C544EDA93}",
                        "key": "logo",
                        "type": "Rich Text"
                    },
                    "content": "<img style=\"display:block;\" width=\"200\" src=\"-/media/4A1CC3AF26F449ECBC665B37DD3CEB3E\" alt=\"Alaska Mileage Plan\" />\n<img style=\"display:block;padding-top:20px;\" width=\"200\" src=\"-/media/E8DF9A11B3534816B6103390AF7E4462\" alt=\"Cathay logo\" />"
                },
                {
                    "$": {
                        "tfid": "{D5D5017F-50CD-42AB-84D8-A3974C9C0811}",
                        "key": "b",
                        "type": "Rich Text"
                    },
                    "content": "<!-- <strong>Content B</strong>\n<p>\nLorem ipsum dolor sit amet, consectetur adipiscing elit. Cras mi nunc, scelerisque sit amet finibus ut, tempus vel nisl. Etiam odio lorem, efficitur suscipit dignissim quis, posuere at neque. Donec dictum justo eget tortor cursus, ac iaculis nisi facilisis. Suspendisse hendrerit posuere tortor. Suspendisse quis mollis ex. Ut viverra vel nibh id eleifend. Suspendisse potenti.\n</p>  -->"
                },
                {
                    "$": {
                        "tfid": "{001DD393-96C5-490B-924A-B0F25CD9EFD8}",
                        "key": "__lock",
                        "type": "Multi-Line Text"
                    },
                    "content": "<r owner=\"sitecore\\sturner\" date=\"20190225T211951Z\" />"
                },
                {
                    "$": {
                        "tfid": "{1F6751F2-9550-47F6-BF82-B5DFA9282650}",
                        "key": "intro",
                        "type": "Rich Text"
                    },
                    "content": "<h1>Hop a flight to Hong Kong from Seattle on Cathay Pacific, and earn double miles. </h1>\n<p>Here&rsquo;s your chance to hop a flight to Hong Kong. Did you know that our Global Partner airline Cathay Pacific is launching new nonstop service four times weekly between Seattle and Hong Kong? Celebrate this new option for flights to Asia with us by joining in on our bonus mile offer.</p>\n<p>Starting March 31, 2019, fly Cathay Pacific nonstop between Seattle and Hong Kong and earn double the miles earned in economy, business and premium class fares during your trip.  </p>\n<p>Here's how it works:</p>\n<ul>\n    <li>Register your Mileage Plan&trade; number below before your first trip.</li>\n    <li>Travel on qualifying Cathay Pacific nonstop flights from March 31, 2019 through May 31, 2019, and you'll earn double Mileage Plan miles.</li>\n</ul>\n<p>Book your flight at the <a href=\"https://www.cathaypacific.com/cx/en_US.html\" target=\"_blank\">Cathay Pacific website <span class=\"sr-only\">\"This indicates a link to an external site that may not meet accessibility guidelines.\"</span><span title=\"This indicates a link to an external site that may not meet accessibility guidelines.\"><sup><em class=\"stepout-icon blue\"></em></sup></span></a>.</p>\n<p>Learn more about our Mileage Plan partnership with <a href=\"//www.alaskaair.com/content/mileage-plan/how-to-earn-miles/airline-partners/cathay-pacific\">Cathay Pacific</a>.</p>\n<p><a href=\"#register-form\"></a></p>\n<a href=\"#register-form\">\n</a><a name=\"register-form\"></a>"
                },
                {
                    "$": {
                        "tfid": "{2446FFE8-6940-4AB0-A93D-C4B7F99243E3}",
                        "key": "hero",
                        "type": "Rich Text"
                    },
                    "content": "<!---<img src=\"//resource.alaskaair.net/-/media/Images/campaigns/reg-promo/uw-acq/DesktopImage\" alt=\"Alaska Airlines aircraft in flight\" />---><br />"
                },
                {
                    "$": {
                        "tfid": "{25BED78C-4957-4165-998A-CA1B52F67497}",
                        "key": "__created",
                        "type": "datetime"
                    },
                    "content": "20170811T164040Z"
                },
                {
                    "$": {
                        "tfid": "{52807595-0F8F-4B20-8D2A-CB71D28C6103}",
                        "key": "__owner",
                        "type": "Single-Line Text"
                    },
                    "content": "sitecore\\evotch"
                },
                {
                    "$": {
                        "tfid": "{D9CF14B1-FA16-4BA6-9288-E8A174D4D522}",
                        "key": "__updated",
                        "type": "datetime"
                    },
                    "content": "20190226T192900Z"
                },
                {
                    "$": {
                        "tfid": "{E0466C9C-44D0-4EAA-A4CB-F0255F61BF52}",
                        "key": "c",
                        "type": "Rich Text"
                    },
                    "content": "<!-- <strong>Content C</strong>\n<p>\nLorem ipsum dolor sit amet, consectetur adipiscing elit. Cras mi nunc, scelerisque sit amet finibus ut, tempus vel nisl. Etiam odio lorem, efficitur suscipit dignissim quis, posuere at neque. Donec dictum justo eget tortor cursus, ac iaculis nisi facilisis. Suspendisse hendrerit posuere tortor. Suspendisse quis mollis ex. Ut viverra vel nibh id eleifend. Suspendisse potenti.\n</p>  -->"
                }
            ]
        }
    }
}