{
    "item": {
        "$": {
            "name": "AS2006",
            "key": "as2006",
            "id": "{5871CEDA-31C0-4D1D-B9BC-525E47012595}",
            "tid": "{3515DFA5-C29B-43C6-89BC-3BCCC02DB3F8}",
            "mid": "{00000000-0000-0000-0000-000000000000}",
            "sortorder": "100",
            "language": "en",
            "version": "1",
            "template": "custompromo",
            "parentid": "{C5FDFA1C-0C1A-4FBB-80F6-AE8FEC232151}",
            "created": "20200205T221454Z"
        },
        "fields": {
            "field": [
                {
                    "$": {
                        "tfid": "{5DD74568-4D4B-44C1-B513-0AF5F4CDA34F}",
                        "key": "__created by",
                        "type": "Single-Line Text"
                    },
                    "content": "sitecore\\evotch"
                },
                {
                    "$": {
                        "tfid": "{D9CF14B1-FA16-4BA6-9288-E8A174D4D522}",
                        "key": "__updated",
                        "type": "datetime"
                    },
                    "content": "20181113T173505Z"
                },
                {
                    "$": {
                        "tfid": "{E0466C9C-44D0-4EAA-A4CB-F0255F61BF52}",
                        "key": "c",
                        "type": "Rich Text"
                    },
                    "content": ""
                },
                {
                    "$": {
                        "tfid": "{52807595-0F8F-4B20-8D2A-CB71D28C6103}",
                        "key": "__owner",
                        "type": "Single-Line Text"
                    },
                    "content": "sitecore\\evotch"
                },
                {
                    "$": {
                        "tfid": "{25BED78C-4957-4165-998A-CA1B52F67497}",
                        "key": "__created",
                        "type": "datetime"
                    },
                    "content": "20170811T164040Z"
                },
                {
                    "$": {
                        "tfid": "{1F6751F2-9550-47F6-BF82-B5DFA9282650}",
                        "key": "intro",
                        "type": "Rich Text"
                    },
                    "content": "<h1>Microsoft employee elite status challenge </h1>\n<p class=\"lead\">Let Alaska take you where you want to go.</p>  \n<p>  Whether you're traveling for a work project or escaping on a relaxing vacation, we'd like to get you on the fast track to elite status an elite status challenge.</p>\n\n<p> Just sign up below, using your microsoft.com email address, and we'll get you registered for our special offer. </p>\n\n<p>Once you've registered, here's what you'll earn for flights taken through March 31, 2019: </p>\n<table class=\"table table-striped table-responsive\">\n    <tbody>\n        <tr>\n            <th>Fly</th> \n            <th>Earn</th></tr>\n        <tr>\n            <td>5,000 miles</td>\n            <td>2019 MVP® status</td>\n        </tr>\n        <tr>\n            <td>10,000 miles</td>\n            <td>2019 MVP® Gold status </td>\n        </tr>\n        \n    </tbody>\n</table>\n\n\n<br /><br />\n\n"
                },
                {
                    "$": {
                        "tfid": "{2446FFE8-6940-4AB0-A93D-C4B7F99243E3}",
                        "key": "hero",
                        "type": "Rich Text"
                    },
                    "content": "<img src=\"//resource.alaskaair.net/-/media/Images/campaigns/reg-promo/uw-acq/DesktopImage\" alt=\"Alaska Airlines aircraft in flight\" />"
                },
                {
                    "$": {
                        "tfid": "{D5D5017F-50CD-42AB-84D8-A3974C9C0811}",
                        "key": "b",
                        "type": "Rich Text"
                    },
                    "content": ""
                },
                {
                    "$": {
                        "tfid": "{C3950F71-EF1E-4DD6-B356-780C544EDA93}",
                        "key": "logo",
                        "type": "Rich Text"
                    },
                    "content": "<img width=\"200\" src=\"//resource.alaskaair.net/-/media/Images/pages/corporate-partners/logos/MSFT_logo\" alt=\"Microsoft logo\" />\n\n"
                },
                {
                    "$": {
                        "tfid": "{A5A02CF1-9D8D-4449-B904-5BDCF33ECC88}",
                        "key": "data",
                        "type": "Rich Text"
                    },
                    "content": "{\"id\":\"microsoft\", \"name\":\"Microsoft employee elite status challenge\", \"companyName\":\"Microsoft\", \"startDate\":\"11/2/2018\", \"endDate\":\"3/31/2019\", \"emailDomains\":[\"@microsoft.com\" , \"@alaskaair.com\"],\"RequireEmailValidation\":\"true\",\"promoName\":\"AS1809 Microsoft Employee Promotion\", \"IsJoinOnly\":\"false\" }"
                },
                {
                    "$": {
                        "tfid": "{8CDC337E-A112-42FB-BBB4-4143751E123F}",
                        "key": "__revision",
                        "type": "Single-Line Text"
                    },
                    "content": "c2a493f5-e1c9-4602-90c3-c6c23cc62251"
                },
                {
                    "$": {
                        "tfid": "{D2D88CF4-BBB2-4E33-A119-57A4B9DEFEF7}",
                        "key": "terms",
                        "type": "Rich Text"
                    },
                    "content": "<p class=\"fine-print\"> <strong>Microsoft employee elite status challenge:</strong><br /> Only Mileage Plan members who work at Microsoft or a Microsoft-owned company, as indicated by an e-mail address from microsoft.com are eligible for this one-time offer.  Members may only participate in the Microsoft employee elite status challenge once.  Eligible members who register for this promotion before their first qualifying flight will receive 2019 MVP® status after flying 5,000 miles and 2019 MVP® Gold status after flying 10,000 miles on qualifying flights within the promotional period. Members will receive confirmation of their registration, via a return email within 2 days of registration. Qualifying flights include Alaska Airlines flights 001-1999, 2000-2999, and 3300-3499, only.  Mileage for qualifying flights must be credited to the member's Mileage Plan account. Qualifying flights must take place between January 1 and March 31, 2019. Not valid on free or award travel. 2019 elite status will be awarded within four to six weeks of qualifying activity posting to a member's account, and will be valid through December 31, 2019. All terms and conditions of the Mileage Plan program apply. Offer subject to change without notice. </p>\n"
                },
                {
                    "$": {
                        "tfid": "{BADD9CF9-53E0-4D0C-BCC0-2D784C282F6A}",
                        "key": "__updated by",
                        "type": "Single-Line Text"
                    },
                    "content": "sitecore\\mmangrub"
                },
                {
                    "$": {
                        "tfid": "{421162AE-0544-4BB6-BBB5-27BD5D36C87D}",
                        "key": "a",
                        "type": "Rich Text"
                    },
                    "content": "\n"
                },
                {
                    "$": {
                        "tfid": "{1172F251-DAD4-4EFB-A329-0C63500E4F1E}",
                        "key": "__masters",
                        "type": "TreelistEx"
                    },
                    "content": "{EB4A6989-A751-44CD-8EB9-AA2C3646D4F7}"
                }
            ]
        }
    }
}