{
    "item": {
        "$": {
            "name": "AS1711",
            "key": "as1711",
            "id": "{4023DBD0-3A6C-42B3-869B-E5187B72EB16}",
            "tid": "{3515DFA5-C29B-43C6-89BC-3BCCC02DB3F8}",
            "mid": "{00000000-0000-0000-0000-000000000000}",
            "sortorder": "950",
            "language": "en",
            "version": "4",
            "template": "custompromo",
            "parentid": "{C5FDFA1C-0C1A-4FBB-80F6-AE8FEC232151}",
            "created": "20170911T185716Z"
        },
        "fields": {
            "field": [
                {
                    "$": {
                        "tfid": "{5DD74568-4D4B-44C1-B513-0AF5F4CDA34F}",
                        "key": "__created by",
                        "type": "Single-Line Text"
                    },
                    "content": "sitecore\\mmangrub"
                },
                {
                    "$": {
                        "tfid": "{C8F93AFE-BFD4-4E8F-9C61-152559854661}",
                        "key": "__valid from",
                        "type": "datetime"
                    },
                    "content": "20190325T192000Z"
                },
                {
                    "$": {
                        "tfid": "{BADD9CF9-53E0-4D0C-BCC0-2D784C282F6A}",
                        "key": "__updated by",
                        "type": "Single-Line Text"
                    },
                    "content": "sitecore\\sturner"
                },
                {
                    "$": {
                        "tfid": "{421162AE-0544-4BB6-BBB5-27BD5D36C87D}",
                        "key": "a",
                        "type": "Rich Text"
                    },
                    "content": "\n<h3>Mileage Plan benefits</h3>\n\n<div class=\"row\">\n<div class=\"col-sm-1\"> <img class=\"responsive\" width=\"60px\" alt=\"fly one get one icon\" src=\"//resource.alaskaair.net/-/media/Images/campaigns/reg-promo/uw-acq/FlyMileEarnMile-Icon\" /></div>\n<div class=\"col-sm-11\">\n<h4>Fly a mile. Earn a mile.</h4>\n<p>You'll earn one mile for each mile flown to any of 100+ destinations on Alaska Airlines flights.</p></div></div>\n\n\n<div class=\"row\">\n<div class=\"col-sm-1\"><img class=\"responsive\" width=\"60px\" alt=\"get rewards icon\" src=\"//resource.alaskaair.net/-/media/Images/campaigns/reg-promo/uw-acq/GetRewards-Icon\" /></div>\n\n<div class=\"col-sm-11\"> <h4>Get rewards in more places.</h4>\n<p>We service over 900 destinations with our Global Partners. Earn miles when you fly with our friends.</p> </div></div>\n\n\n<div class=\"row\">\n<div class=\"col-sm-1\"><img class=\"responsive\" width=\"60px\" alt=\"elite status icon\" src=\"//resource.alaskaair.net/-/media/Images/campaigns/reg-promo/uw-acq/EliteStatus-Icon\" /></div>\n<div class=\"col-sm-11\">\n<h4>Elite status with no minimum spend.</h4>\n<p>Benefits start at just 20,000 miles and include complimentary upgrades based on availability, free checked bags, priority check-in and boarding.</p></div></div>\n\n<br><br>\n<h3>MVP&reg; benefits</h3>\n\n\n<div class=\"row\">\n<div class=\"col-sm-1\"><img class=\"responsive\" height=\"60px\" alt=\"cushy seats icon\" src=\"//resource.alaskaair.net/-/media/Images/campaigns/reg-promo/uw-acq/CushySeats-Icon\" /></div>\n<div class=\"col-sm-11\">\n<h4>Get the cushy seats.</h4>\n<p>Fly up front, with available upgrades.</p></div></div>\n\n\n<div class=\"row\">\n<div class=\"col-sm-1\"><img class=\"responsive\" width=\"60px\" alt=\"dirty laundry icon\" src=\"//resource.alaskaair.net/-/media/Images/campaigns/reg-promo/uw-acq/DirtyLaundry-Icon\" /></div>\n<div class=\"col-sm-11\">\n<h4>Dirty laundry flies free.</h4>\n<p>Two free checked bags on flights.</p> </div></div>\n\n\n<div class=\"row\">\n<div class=\"col-sm-1\"><img class=\"responsive\" width=\"60px\" alt=\"jump lines icon\" src=\"//resource.alaskaair.net/-/media/Images/campaigns/reg-promo/uw-acq/JumpLines-Icon\" /></div>\n<div class=\"col-sm-11\">\n<h4>Jump those lines.</h4>\n<p>Enjoy priority check-in and boarding.</p></div></div>\n<br /><br />\n<p class=\"lead\"><a href=\"~/link.aspx?_id=5C693A116D184D80AE342629C2F33CAF&amp;_z=z\">See all MVP and MVP Gold benefits</a></p></div></div>\n"
                },
                {
                    "$": {
                        "tfid": "{B8F42732-9CB8-478D-AE95-07E25345FB0F}",
                        "key": "__hide version",
                        "type": "checkbox"
                    },
                    "content": "1"
                },
                {
                    "$": {
                        "tfid": "{8CDC337E-A112-42FB-BBB4-4143751E123F}",
                        "key": "__revision",
                        "type": "Single-Line Text"
                    },
                    "content": "2aa2d458-97aa-4838-b12d-18b50430440c"
                },
                {
                    "$": {
                        "tfid": "{D2D88CF4-BBB2-4E33-A119-57A4B9DEFEF7}",
                        "key": "terms",
                        "type": "Rich Text"
                    },
                    "content": "<p class=\"fine-print\">* Offer is valid for University of Washington students who register for the promotion by October 31, 2017, with a valid University of\nWashington email address.  By registering for the promotion, you consent to Alaska Airlines and University of Washington sharing information (including your\nname, date of birth, UW email address, and confirmation of your GPA range) as necessary to provide confirmation to Alaska Airlines\nof your eligibility for MVP or MVP Gold status based on your autumn quarter 2017 GPA. Students earning a 3.5 - 3.9 GPA will be awarded MVP status by January 30, 2018, valid through December 31, 2018.  Students earning a 4.0 GPA will be awarded MVP Gold status by January 30, 2018, valid through December 31, 2018.\n</p>\n\n<p class=\"fine-print\">GPA qualification is not required for the 5,000 bonus miles. Allow 1-2 weeks after registering for the 5,000 bonus miles to be posted to your Mileage Plan account. An individual may receive the bonus a maximum of one time, even if they hold multiple separate Mileage Plan accounts. Offer is not combinable with other Mileage Plan enrollment or account activation promotions. Mileage Plan terms and conditions apply.\n</p>\n"
                },
                {
                    "$": {
                        "tfid": "{C3950F71-EF1E-4DD6-B356-780C544EDA93}",
                        "key": "logo",
                        "type": "Rich Text"
                    },
                    "content": "<img width=\"200\" src=\"//resource.alaskaair.net/-/media/Images/campaigns/reg-promo/uw-acq/UW-Logo\" alt=\"University of Washington logo\" />"
                },
                {
                    "$": {
                        "tfid": "{A5A02CF1-9D8D-4449-B904-5BDCF33ECC88}",
                        "key": "data",
                        "type": "Rich Text"
                    },
                    "content": "{\"id\":\"AS1711\", \"name\":\"MVP Gold 4.0\", \"companyName\":\"University of Washington\", \"startDate\":\"3/24/2019\", \"endDate\":\"3/29/2019\", \"emailDomains\":[\"@uw.edu\", \"@alaskaair.com\"],\"RequireEmailValidation\":\"true\",\"promoName\":\"AS1711 UW Student 5K Bonus\", \"IsJoinOnly\":\"false\" }"
                },
                {
                    "$": {
                        "tfid": "{D5D5017F-50CD-42AB-84D8-A3974C9C0811}",
                        "key": "b",
                        "type": "Rich Text"
                    },
                    "content": ""
                },
                {
                    "$": {
                        "tfid": "{001DD393-96C5-490B-924A-B0F25CD9EFD8}",
                        "key": "__lock",
                        "type": "Multi-Line Text"
                    },
                    "content": "<r owner=\"sitecore\\sturner\" date=\"20190325T192522Z\" />"
                },
                {
                    "$": {
                        "tfid": "{1F6751F2-9550-47F6-BF82-B5DFA9282650}",
                        "key": "intro",
                        "type": "Rich Text"
                    },
                    "content": "<h1>Good grades mean sweet upgrades.</h1>\n<p class=\"lead\">Hit the books this fall and enjoy elite status all next year.</p>  \n<p>Earn a 3.5-3.9 GPA and get 2018 MVP® status, or earn a 4.0 to get MVP® Gold. We'll let you know in January when you're ready to fly with your new status. Just sign up or register below with your University of Washington email address, and we'll start you off with 5,000 bonus miles.</p>\n<p>\nBy registering for this promotion, you consent to Alaska Airlines and University of Washington sharing information (including your name, date of birth, student email address and GPA range) as necessary to provide confirmation to Alaska Airlines of your eligibility for MVP&reg; or MVP&reg; Gold status based on your Autumn quarter 2017 GPA.\n</p>\n\n"
                },
                {
                    "$": {
                        "tfid": "{2446FFE8-6940-4AB0-A93D-C4B7F99243E3}",
                        "key": "hero",
                        "type": "Rich Text"
                    },
                    "content": "<style>\n\n.heroContainer img {\n    width: 100%;\n    max-height: 400px;\n}</style>\n\n<img src=\"//resource.alaskaair.net/-/media/Images/campaigns/reg-promo/uw-acq/DesktopImage\" alt=\"Alaska Airlines aircraft in flight\" />"
                },
                {
                    "$": {
                        "tfid": "{25BED78C-4957-4165-998A-CA1B52F67497}",
                        "key": "__created",
                        "type": "datetime"
                    },
                    "content": "20190325T192027Z"
                },
                {
                    "$": {
                        "tfid": "{D9CF14B1-FA16-4BA6-9288-E8A174D4D522}",
                        "key": "__updated",
                        "type": "datetime"
                    },
                    "content": "20190325T192535Z"
                },
                {
                    "$": {
                        "tfid": "{52807595-0F8F-4B20-8D2A-CB71D28C6103}",
                        "key": "__owner",
                        "type": "Single-Line Text"
                    },
                    "content": "sitecore\\evotch"
                },
                {
                    "$": {
                        "tfid": "{E0466C9C-44D0-4EAA-A4CB-F0255F61BF52}",
                        "key": "c",
                        "type": "Rich Text"
                    },
                    "content": ""
                },
                {
                    "$": {
                        "tfid": "{1172F251-DAD4-4EFB-A329-0C63500E4F1E}",
                        "key": "__masters",
                        "type": "TreelistEx"
                    },
                    "content": "{EB4A6989-A751-44CD-8EB9-AA2C3646D4F7}"
                },
                {
                    "$": {
                        "tfid": "{BA3F86A2-4A1C-4D78-B63D-91C2779C1B5E}",
                        "key": "__sortorder",
                        "type": "Single-Line Text"
                    },
                    "content": "950"
                }
            ]
        }
    }
}