{
    "item": {
        "$": {
            "name": "facebook",
            "key": "facebook",
            "id": "{E14E049F-DBAC-44EB-9F43-475B83C27E47}",
            "tid": "{3515DFA5-C29B-43C6-89BC-3BCCC02DB3F8}",
            "mid": "{00000000-0000-0000-0000-000000000000}",
            "sortorder": "100",
            "language": "en",
            "version": "1",
            "template": "custompromo",
            "parentid": "{C5FDFA1C-0C1A-4FBB-80F6-AE8FEC232151}",
            "created": "20180216T182527Z"
        },
        "fields": {
            "field": [
                {
                    "$": {
                        "tfid": "{E0466C9C-44D0-4EAA-A4CB-F0255F61BF52}",
                        "key": "c",
                        "type": "Rich Text"
                    },
                    "content": "<!-- merchandising placement for confirm page -->"
                },
                {
                    "$": {
                        "tfid": "{D9CF14B1-FA16-4BA6-9288-E8A174D4D522}",
                        "key": "__updated",
                        "type": "datetime"
                    },
                    "content": "20171214T221350Z"
                },
                {
                    "$": {
                        "tfid": "{52807595-0F8F-4B20-8D2A-CB71D28C6103}",
                        "key": "__owner",
                        "type": "Single-Line Text"
                    },
                    "content": "sitecore\\evotch"
                },
                {
                    "$": {
                        "tfid": "{25BED78C-4957-4165-998A-CA1B52F67497}",
                        "key": "__created",
                        "type": "datetime"
                    },
                    "content": "20170811T164040Z"
                },
                {
                    "$": {
                        "tfid": "{2446FFE8-6940-4AB0-A93D-C4B7F99243E3}",
                        "key": "hero",
                        "type": "Rich Text"
                    },
                    "content": "<style>\n\n.heroContainer img {\n    width: 100%;\n    max-height: 400px; \n}</style>\n\n<img src=\"//resource.alaskaair.net/-/media/Images/campaigns/reg-promo/uw-acq/DesktopImage\" alt=\"Alaska Airlines aircraft in flight\" />"
                },
                {
                    "$": {
                        "tfid": "{1F6751F2-9550-47F6-BF82-B5DFA9282650}",
                        "key": "intro",
                        "type": "Rich Text"
                    },
                    "content": "<h1>Welcome Amazon employees!</h1>\n<p>Whether you're traveling for a work project or escaping on a relaxing vacation, we'd like to get you on the fast track to elite status and award travel with bonus miles and an MVP status offer. Just sign up below, using your amazon.com email address, and we'll get you registered for our special offer. </p>\n"
                },
                {
                    "$": {
                        "tfid": "{D5D5017F-50CD-42AB-84D8-A3974C9C0811}",
                        "key": "b",
                        "type": "Rich Text"
                    },
                    "content": "<!-- additional copy for the email response page -->"
                },
                {
                    "$": {
                        "tfid": "{C3950F71-EF1E-4DD6-B356-780C544EDA93}",
                        "key": "logo",
                        "type": "Rich Text"
                    },
                    "content": "<img width=\"200\" src=\"http://www.websitegrowth.com/wp-content/uploads/2016/08/amazon_logo_large.png\" alt=\"Amazon\" />"
                },
                {
                    "$": {
                        "tfid": "{A5A02CF1-9D8D-4449-B904-5BDCF33ECC88}",
                        "key": "data",
                        "type": "Rich Text"
                    },
                    "content": "{\"id\":\"AS1609\", \"name\":\"Welcome Amazon employees\", \"companyName\":\"Amazon\", \"startDate\":\"12/142017\", \"endDate\":\"3/31/2018\", \"emailDomains\":[\"@amazon.com\", \"@alaskaair.com\"],\"RequireEmailValidation\":\"true\",\"promoName\":\"AS1609 Amazon Employee Promotion\", \"IsJoinOnly\":\"false\" }"
                },
                {
                    "$": {
                        "tfid": "{D2D88CF4-BBB2-4E33-A119-57A4B9DEFEF7}",
                        "key": "terms",
                        "type": "Rich Text"
                    },
                    "content": "<a name=\"terms\"></a>\n\n\n<p class=\"fine-print\"> <strong>Bonus miles and elite status offer:</strong><br /> Only Mileage Plan members  who work at Amazon or an Amazon-owned company, as indicated by an e-mail address from amazon.com or another Amazon-owned domain, with a hire date on or after January 1, 2017.  are eligible for this offer.  Eligible members who register for this promotion via email to mileage.plan@alaskaair.com before their first qualifying flight will receive 1,000 bonus miles after flying two segments, 20,000 elite-qualifying miles after flying four segments, and 5,000 bonus miles after flying 6 segments. Members will receive confirmation of their registration, via a return email within 5 days of registration. Qualifying flights include Alaska Airlines flights 001-999, 2000-2999, 3300-3499, and Alaska Airlines flights 1000-1999 operated by Virgin America, only.  Mileage for qualifying flights must be credited to the member's Mileage Plan account. Qualifying flights must take place between the date registerd for this promotion and December 31, 2017. Not valid on free or award travel. Bonus miles do not count towards Mileage Plan elite status. The 20,000 elite-qualifying miles awarded as part of this bonus apply only to the number of miles that count toward elite status qualification and will not be available for redemption.  Bonus and elite-qualifying miles will be awarded within four to six weeks of qualifying activity posting to a member's account. All terms and conditions of the Mileage Plan program apply. Offer subject to change without notice.</p>"
                },
                {
                    "$": {
                        "tfid": "{8CDC337E-A112-42FB-BBB4-4143751E123F}",
                        "key": "__revision",
                        "type": "Single-Line Text"
                    },
                    "content": "d53da834-22dd-4052-898d-336d694ee7e8"
                },
                {
                    "$": {
                        "tfid": "{BADD9CF9-53E0-4D0C-BCC0-2D784C282F6A}",
                        "key": "__updated by",
                        "type": "Single-Line Text"
                    },
                    "content": "sitecore\\JCarlon"
                },
                {
                    "$": {
                        "tfid": "{421162AE-0544-4BB6-BBB5-27BD5D36C87D}",
                        "key": "a",
                        "type": "Rich Text"
                    },
                    "content": "\n<p>Once you've registered, here's what you'll earn for flights taken through December 31, 2017: </p>\n<table class=\"table table-striped table-responsive\">\n    <tbody>\n        <tr>\n            <th>Fly</th> \n            <th>Earn</th></tr>\n        <tr>\n            <td>1 round trip</td>\n            <td>1,000 bonus miles</td>\n        </tr>\n        <tr>\n            <td>2 round trips</td>\n            <td>MVP&reg; status, plus a head start on MVP Gold<sup>1</sup></td>\n        </tr>\n        <tr>\n            <td>3 round trips</td>\n            <td>5,000 bonus miles</td>\n        </tr>\n    </tbody>\n</table>\n<p ><sup>1</sup>After your second round trip, we'll award you 20,000 elite-qualifying miles. You won't be able to redeem those miles for flights, but they'll instantly give you MVP status, and put you halfway to MVP Gold status.</p>\n"
                },
                {
                    "$": {
                        "tfid": "{5DD74568-4D4B-44C1-B513-0AF5F4CDA34F}",
                        "key": "__created by",
                        "type": "Single-Line Text"
                    },
                    "content": "sitecore\\evotch"
                },
                {
                    "$": {
                        "tfid": "{B8F42732-9CB8-478D-AE95-07E25345FB0F}",
                        "key": "__hide version",
                        "type": "checkbox"
                    },
                    "content": "1"
                }
            ]
        }
    }
}