{
    "item": {
        "$": {
            "name": "DreamforceEnrollFlyandEarn5K",
            "key": "dreamforceenrollflyandearn5k",
            "id": "{74239287-9A02-4016-AFEF-3B8147B57D85}",
            "tid": "{3515DFA5-C29B-43C6-89BC-3BCCC02DB3F8}",
            "mid": "{00000000-0000-0000-0000-000000000000}",
            "sortorder": "100",
            "language": "en",
            "version": "1",
            "template": "custompromo",
            "parentid": "{C5FDFA1C-0C1A-4FBB-80F6-AE8FEC232151}",
            "created": "20171109T180315Z"
        },
        "fields": {
            "field": [
                {
                    "$": {
                        "tfid": "{5DD74568-4D4B-44C1-B513-0AF5F4CDA34F}",
                        "key": "__created by",
                        "type": "Single-Line Text"
                    },
                    "content": "sitecore\\evotch"
                },
                {
                    "$": {
                        "tfid": "{421162AE-0544-4BB6-BBB5-27BD5D36C87D}",
                        "key": "a",
                        "type": "Rich Text"
                    },
                    "content": "\n<h3>Visit Alaska Airlines during Dreamforce to learn more.</h3>\n\n<div class=\"row\">\n<div class=\"col-sm-1\"> <img class=\"responsive\" width=\"60px\" alt=\"fly one get one icon\" src=\"//resource.alaskaair.net/-/media/Images/campaigns/reg-promo/uw-acq/JumpLines-Icon\" /></div>\n<div class=\"col-sm-11\">\n<h4>Our corporate travel programs are all business.</h4>\n<p>Experience award-winning travel for employees while your company saves money with our corporate savings programs.</p></div></div>\n<br> \n\n<div class=\"row\">\n<div class=\"col-sm-1\"><img class=\"responsive\" width=\"60px\" alt=\"elite status icon\" src=\"//resource.alaskaair.net/-/media/Images/campaigns/reg-promo/uw-acq/EliteStatus-Icon\" /></div>\n<div class=\"col-sm-11\">\n<h4>Get next-level status.</h4>\n<p>We'll match your status from other airlines so you gain all of the elite benefits our Mileage Plan MVPs enjoy.</p></div></div>\n\n<br>\n<div class=\"row\">\n<div class=\"col-sm-1\"><img class=\"responsive\" width=\"60px\" alt=\"get rewards icon\" src=\"//resource.alaskaair.net/-/media/Images/campaigns/reg-promo/uw-acq/GetRewards-Icon\" /></div>\n\n<div class=\"col-sm-11\"> <h4>Visit us at Dreamforce for a chance to win.</h4>\n<p>Head to Alaska Airlines booth #1218 at the Dreamforce Expo for a chance to win roundtrip flights on Alaska Airlines for four. <br /><a href=\" http://Rules.PrizeLogic.com/AlaskaAirlinesDreamForceSweeps/\">View sweepstakes terms and conditions.</a></p> </div></div>\n\n\n\n"
                },
                {
                    "$": {
                        "tfid": "{BADD9CF9-53E0-4D0C-BCC0-2D784C282F6A}",
                        "key": "__updated by",
                        "type": "Single-Line Text"
                    },
                    "content": "sitecore\\fakeshuber"
                },
                {
                    "$": {
                        "tfid": "{8CDC337E-A112-42FB-BBB4-4143751E123F}",
                        "key": "__revision",
                        "type": "Single-Line Text"
                    },
                    "content": "f6362345-3dc7-4b22-8b11-2f24db278093"
                },
                {
                    "$": {
                        "tfid": "{D2D88CF4-BBB2-4E33-A119-57A4B9DEFEF7}",
                        "key": "terms",
                        "type": "Rich Text"
                    },
                    "content": "<p class=\"fine-print\">Bonus miles offer is valid only for Dreamforce conference attendees who create a new Mileage Plan account between November 6-9, 2017 at alaskaair.com/Dreamforce2017 and complete a qualifying Alaska or Virgin America flight between the enrollment date and April 30, 2018. To qualify, the flight must be eligible to earn Mileage Plan miles and must be credited to the new Mileage Plan account; codeshare flights with other airlines do not qualify. An individual may receive the bonus a maximum of one time, even if they hold multiple separate Mileage Plan accounts. Offer is not combinable with other Mileage Plan enrollment or account activation promotions. Mileage Plan terms and conditions apply.\n</p>\n\n"
                },
                {
                    "$": {
                        "tfid": "{A5A02CF1-9D8D-4449-B904-5BDCF33ECC88}",
                        "key": "data",
                        "type": "Rich Text"
                    },
                    "content": "{\"id\":\"AS1715\", \"name\":\" Dreamforce Enroll Fly and Earn 5K\", \"companyName\":\"\", \"startDate\":\"10/31/2017\", \"endDate\":\"11/10/2017\", \"emailDomains\":[\"@uw.edu\"],\"RequireEmailValidation\":\"false\",\"promoName\":\"AS1715 Dreamforce Enroll Fly and Earn 5K\", \"IsJoinOnly\":\"true\" }"
                },
                {
                    "$": {
                        "tfid": "{C3950F71-EF1E-4DD6-B356-780C544EDA93}",
                        "key": "logo",
                        "type": "Rich Text"
                    },
                    "content": "<img width=\"200\" src=\"//resource.alaskaair.net/-/media/Images/pages/promos/dreamforce_17_cloud_logotype_4c\" alt=\"Dreamforce logo\" />\n\n\n"
                },
                {
                    "$": {
                        "tfid": "{D5D5017F-50CD-42AB-84D8-A3974C9C0811}",
                        "key": "b",
                        "type": "Rich Text"
                    },
                    "content": "<!-- <strong>Content B</strong>\n<p>\nLorem ipsum dolor sit amet, consectetur adipiscing elit. Cras mi nunc, scelerisque sit amet finibus ut, tempus vel nisl. Etiam odio lorem, efficitur suscipit dignissim quis, posuere at neque. Donec dictum justo eget tortor cursus, ac iaculis nisi facilisis. Suspendisse hendrerit posuere tortor. Suspendisse quis mollis ex. Ut viverra vel nibh id eleifend. Suspendisse potenti.\n</p>  -->"
                },
                {
                    "$": {
                        "tfid": "{1F6751F2-9550-47F6-BF82-B5DFA9282650}",
                        "key": "intro",
                        "type": "Rich Text"
                    },
                    "content": "<h1>Get miles ahead of the competition.</h1>\n<p class=\"lead\">Earn 5,000 bonus miles when you join Mileage Plan&trade; during Dreamforce and fly by April 30, 2018.</p>  \n<p>With innovation taking off, and visionaries like you flying even more these days, Alaska's cutting-edge Mileage Plan loyalty program is an essential business tool. Let Alaska help get your vision out there by taking you further. </p>\n<p>Sign up here by November 9, 2017, and you'll get 5,000 bonus miles after your first flight - just fly by April 30, 2018. Plus, you'll discover more ways to earn and redeem miles. \nWith 1,200 daily flights to 115+ destinations, including 90+ daily nonstops between 12 California cities*, stay easily connected to your business contacts near and far. Plus, you can explore 900+ destinations worldwide with Alaska and our global partners. </p>\n<br>\n<p>*Daily average October-December, 2017.  </p>\n<br><br>\n"
                },
                {
                    "$": {
                        "tfid": "{2446FFE8-6940-4AB0-A93D-C4B7F99243E3}",
                        "key": "hero",
                        "type": "Rich Text"
                    },
                    "content": "<style>\n\n.heroContainer img {\n    width: 100%;\n    max-height: 400px;\n}</style>\n\n<img src=\"//resource.alaskaair.net/-/media/Images/campaigns/reg-promo/dreamforce/Hero_img\" alt=\"San Francisco hillside and Golden Gate Bridge\" />\n\n"
                },
                {
                    "$": {
                        "tfid": "{25BED78C-4957-4165-998A-CA1B52F67497}",
                        "key": "__created",
                        "type": "datetime"
                    },
                    "content": "20170811T164040Z"
                },
                {
                    "$": {
                        "tfid": "{52807595-0F8F-4B20-8D2A-CB71D28C6103}",
                        "key": "__owner",
                        "type": "Single-Line Text"
                    },
                    "content": "sitecore\\evotch"
                },
                {
                    "$": {
                        "tfid": "{D9CF14B1-FA16-4BA6-9288-E8A174D4D522}",
                        "key": "__updated",
                        "type": "datetime"
                    },
                    "content": "20171109T162309Z"
                },
                {
                    "$": {
                        "tfid": "{E0466C9C-44D0-4EAA-A4CB-F0255F61BF52}",
                        "key": "c",
                        "type": "Rich Text"
                    },
                    "content": "<h3>Visit Alaska Airlines during Dreamforce to learn more.</h3>\n\n<div class=\"row\">\n<div class=\"col-sm-2\"> <img class=\"responsive\" width=\"60px\" alt=\"fly one get one icon\" src=\"//resource.alaskaair.net/-/media/Images/campaigns/reg-promo/uw-acq/JumpLines-Icon\" /></div>\n<div class=\"col-sm-10\">\n<h4>Our corporate travel programs are all business.</h4>\n<p>Experience award-winning travel for employees while your company saves money with our corporate savings programs.<br /><a href=\"https://www.alaskaair.com/content/corporate-travel?lid=myas:corporatempjoinsuccess:corporate-travel-management\">Learn more about our corporate travel programs</a></p></div></div>\n<br> \n\n<div class=\"row\">\n<div class=\"col-sm-2\"><img class=\"responsive\" width=\"60px\" alt=\"elite status icon\" src=\"//resource.alaskaair.net/-/media/Images/campaigns/reg-promo/uw-acq/EliteStatus-Icon\" /></div>\n<div class=\"col-sm-10\">\n<h4>Get next-level status.</h4>\n<p>We'll match your status from other airlines so you gain all of the elite benefits our Mileage Plan MVPs enjoy.<br /><a href=\"https://www.alaskaair.com/content/deals/mileage-plan/elite-status-match-offer?lid=myas:corporatempjoinsuccess:status-match\">Learn more about our status match offer.</a></p></div></div>\n\n<br>\n<div class=\"row\">\n<div class=\"col-sm-2\"><img class=\"responsive\" width=\"60px\" alt=\"get rewards icon\" src=\"//resource.alaskaair.net/-/media/Images/campaigns/reg-promo/uw-acq/GetRewards-Icon\" /></div>\n\n<div class=\"col-sm-10\"> <h4>Visit us at Dreamforce for a chance to win.</h4>\n<p>Head to Alaska Airlines booth #1218 at the Dreamforce Expo for a chance to win roundtrip flights on Alaska Airlines for four.<br /><a href=\" http://Rules.PrizeLogic.com/AlaskaAirlinesDreamForceSweeps/\">View sweepstakes terms and conditions.</a></p> </div></div>\n"
                }
            ]
        }
    }
}