{
    "item": {
        "$": {
            "name": "EI2001",
            "key": "ei2001",
            "id": "{21A3176F-F4D7-454A-A7F4-C2717FA227ED}",
            "tid": "{3515DFA5-C29B-43C6-89BC-3BCCC02DB3F8}",
            "mid": "{00000000-0000-0000-0000-000000000000}",
            "sortorder": "100",
            "language": "en",
            "version": "1",
            "template": "custompromo",
            "parentid": "{C5FDFA1C-0C1A-4FBB-80F6-AE8FEC232151}",
            "created": "20200123T224444Z"
        },
        "fields": {
            "field": [
                {
                    "$": {
                        "tfid": "{5DD74568-4D4B-44C1-B513-0AF5F4CDA34F}",
                        "key": "__created by",
                        "type": "Single-Line Text"
                    },
                    "content": "sitecore\\evotch"
                },
                {
                    "$": {
                        "tfid": "{421162AE-0544-4BB6-BBB5-27BD5D36C87D}",
                        "key": "a",
                        "type": "Rich Text"
                    },
                    "content": ""
                },
                {
                    "$": {
                        "tfid": "{BADD9CF9-53E0-4D0C-BCC0-2D784C282F6A}",
                        "key": "__updated by",
                        "type": "Single-Line Text"
                    },
                    "content": "sitecore\\sturner"
                },
                {
                    "$": {
                        "tfid": "{8CDC337E-A112-42FB-BBB4-4143751E123F}",
                        "key": "__revision",
                        "type": "Single-Line Text"
                    },
                    "content": "af9e2960-8cd4-4a26-8ff3-5c66b1887468"
                },
                {
                    "$": {
                        "tfid": "{D2D88CF4-BBB2-4E33-A119-57A4B9DEFEF7}",
                        "key": "terms",
                        "type": "Rich Text"
                    },
                    "content": "<p class=\"fine-print\">\nDouble miles on Aer Lingus offer terms and conditions: Offer valid on flights operated and marketed by Aer Lingus and credited to a Member's Mileage Plan account. Members must register and book flights for this promotion through March 31, 2020 to receive double miles. Percentage of base miles earned can be viewed on the corresponding <a href=\"//www.alaskaair.com/content/mileage-plan/how-to-earn-miles/airline-partners/aer-lingus\">Aer Lingus</a> partner page; only miles listed under \"Base miles earned\" are doubled (class of service and additional bonus miles are issued at the normal rate). Double miles offer is valid only on qualifying paid flights booked in fare class J, C, D, I, P, Y, B, H, K, F, V, M, N, G, L, O, Q, S, R and W from April 1, 2020 through August 31, 2020. All travel must be completed by August 31, 2020. Member must register for the promotion at <a href=\"//www.alaskaair.com/promo/EI2001\">www.alaskaair.com/promo/EI2001</a> before the first qualifying flight. Not valid on free or award travel. Double miles do not count toward Mileage Plan elite status. Please allow four to six weeks for miles to be credited to your Mileage Plan account. All terms and conditions of the Mileage Plan program apply. Offer subject to change without notice.</p>"
                },
                {
                    "$": {
                        "tfid": "{A5A02CF1-9D8D-4449-B904-5BDCF33ECC88}",
                        "key": "data",
                        "type": "Rich Text"
                    },
                    "content": "{\"id\":\"EI2001\", \"name\":\"EI2001 Aer Lingus Double Miles Promotion\", \"companyName\":\"Mileage Plan number and\", \"startDate\":\"1/21/2020\", \"endDate\":\"3/31/2020\", \"emailDomains\":[\"\"],\"RequireEmailValidation\":\"false\",\"promoName\":\"EI2001 Aer Lingus Double Miles Promotion\", \"IsJoinOnly\":\"false\" }"
                },
                {
                    "$": {
                        "tfid": "{C3950F71-EF1E-4DD6-B356-780C544EDA93}",
                        "key": "logo",
                        "type": "Rich Text"
                    },
                    "content": "<img style=\"display:block;\" width=\"200\" src=\"-/media/4A1CC3AF26F449ECBC665B37DD3CEB3E\" alt=\"Alaska Mileage Plan\" />\n<img style=\"display:block;padding-top:20px;\" width=\"200\" src=\"-/media/34D8ECB09D6C49EEA28A1D1AB1B29513\" alt=\"Aer Lingus logo\" />"
                },
                {
                    "$": {
                        "tfid": "{D5D5017F-50CD-42AB-84D8-A3974C9C0811}",
                        "key": "b",
                        "type": "Rich Text"
                    },
                    "content": "<!-- <strong>Content B</strong>\n<p>\nLorem ipsum dolor sit amet, consectetur adipiscing elit. Cras mi nunc, scelerisque sit amet finibus ut, tempus vel nisl. Etiam odio lorem, efficitur suscipit dignissim quis, posuere at neque. Donec dictum justo eget tortor cursus, ac iaculis nisi facilisis. Suspendisse hendrerit posuere tortor. Suspendisse quis mollis ex. Ut viverra vel nibh id eleifend. Suspendisse potenti.\n</p>  -->"
                },
                {
                    "$": {
                        "tfid": "{001DD393-96C5-490B-924A-B0F25CD9EFD8}",
                        "key": "__lock",
                        "type": "Multi-Line Text"
                    },
                    "content": "<r owner=\"sitecore\\sturner\" date=\"20200224T212144Z\" />"
                },
                {
                    "$": {
                        "tfid": "{1F6751F2-9550-47F6-BF82-B5DFA9282650}",
                        "key": "intro",
                        "type": "Rich Text"
                    },
                    "content": "\n<h1>Earn double miles to Dublin on Aer Lingus. </h1>\n<p>If a getaway to Dublin is on your travel wish list, we've got just the thing to transform your Dublin wanderlust to wander-must.</p>\n<p>Starting April 1, 2020, fly Aer Lingus nonstop between San Francisco (SFO), Seattle (SEA), Los Angeles (LAX) and Dublin (DUB) and earn double base miles along the way.</p>\n<p>Here's how the offer works:</p>\n<ol>\n    <li>Register your Mileage Plan&trade; number on this page no later than March 31, 2020. </li>\n    <li>Travel on qualifying Aer Lingus nonstop flights April 1, 2020 through August 31, 2020, and you'll earn double Mileage Plan miles.</li>\n</ol>\n<p>Book your flights using one of these options:</p>\n<ul>\n    <li>Visit the <a href=\"https://www.aerlingus.com/html/en-US/home.html\" target=\"_blank\">Aer Lingus website</a></li>\n    <li>Call Aer Lingus reservations toll-free at <a class=\"visible-xs\" href=\"tel:18004747424\">1-800-474-7424</a><span class=\"hidden-xs\">1-800-474-7424</span></li>\n    <li>Book with a travel agent. </li>\n</ul>\n<p>To earn double miles with this offer, be sure to add your Mileage Plan number to your Aer Lingus reservation by:</p>\n<ul>\n    <li>Calling Aer Lingus at  <a class=\"visible-xs\" href=\"tel:18004747424\">1-800-474-7424</a><span class=\"hidden-xs\">1-800-474-7424</span>, or</li>\n    <li>Visiting an Aer Lingus customer service agent on your day of departure</li>\n</ul>\n<p>Learn more about our Mileage Plan partnership with <a href=\"//www.alaskaair.com/content/mileage-plan/how-to-earn-miles/airline-partners/aer-lingus\">Aer Lingus.</a></p>\n<p><a href=\"#register-form\"></a></p>\n<a href=\"#register-form\">\n</a><a name=\"register-form\"></a>"
                },
                {
                    "$": {
                        "tfid": "{2446FFE8-6940-4AB0-A93D-C4B7F99243E3}",
                        "key": "hero",
                        "type": "Rich Text"
                    },
                    "content": "<style>\n    .heroContainer img {\n    width: 100%;\n    max-height: 400px;\n    }\n</style>\n<img src=\"-/media/759815E25DAD499394413EBF6294B57E\" alt=\"Ha'penny Bridge in Dublin, Ireland\" />\n<!---<img src=\"//resource.alaskaair.net/-/media/Images/campaigns/reg-promo/uw-acq/DesktopImage\" alt=\"Alaska Airlines aircraft in flight\" />---><br />"
                },
                {
                    "$": {
                        "tfid": "{25BED78C-4957-4165-998A-CA1B52F67497}",
                        "key": "__created",
                        "type": "datetime"
                    },
                    "content": "20170811T164040Z"
                },
                {
                    "$": {
                        "tfid": "{52807595-0F8F-4B20-8D2A-CB71D28C6103}",
                        "key": "__owner",
                        "type": "Single-Line Text"
                    },
                    "content": "sitecore\\evotch"
                },
                {
                    "$": {
                        "tfid": "{D9CF14B1-FA16-4BA6-9288-E8A174D4D522}",
                        "key": "__updated",
                        "type": "datetime"
                    },
                    "content": "20200225T183528Z"
                },
                {
                    "$": {
                        "tfid": "{E0466C9C-44D0-4EAA-A4CB-F0255F61BF52}",
                        "key": "c",
                        "type": "Rich Text"
                    },
                    "content": "<!-- <strong>Content C</strong>\n<p>\nLorem ipsum dolor sit amet, consectetur adipiscing elit. Cras mi nunc, scelerisque sit amet finibus ut, tempus vel nisl. Etiam odio lorem, efficitur suscipit dignissim quis, posuere at neque. Donec dictum justo eget tortor cursus, ac iaculis nisi facilisis. Suspendisse hendrerit posuere tortor. Suspendisse quis mollis ex. Ut viverra vel nibh id eleifend. Suspendisse potenti.\n</p>  -->"
                }
            ]
        }
    }
}