{
    "item": {
        "$": {
            "name": "__Standard Values",
            "key": "__standard values",
            "id": "{E3DDAE59-FFC9-41B1-87F7-469AC9F80CE5}",
            "tid": "{9A105C2B-96BF-4F07-AC12-75D1D23F2408}",
            "mid": "{00000000-0000-0000-0000-000000000000}",
            "sortorder": "100",
            "language": "en",
            "version": "1",
            "template": "airport",
            "parentid": "{9A105C2B-96BF-4F07-AC12-75D1D23F2408}",
            "created": "20161206T205910Z"
        },
        "fields": {
            "field": [
                {
                    "$": {
                        "tfid": "{11BAA82C-FFFF-41B1-AA80-078933FB6005}",
                        "key": "latitude",
                        "type": "Single-Line Text"
                    },
                    "content": ""
                },
                {
                    "$": {
                        "tfid": "{5DD74568-4D4B-44C1-B513-0AF5F4CDA34F}",
                        "key": "__created by",
                        "type": "Single-Line Text"
                    },
                    "content": "sitecore\\admin"
                },
                {
                    "$": {
                        "tfid": "{A1516DDA-78D7-4A7D-999E-13CF77618F78}",
                        "key": "wifi",
                        "type": "Droplink"
                    },
                    "content": "{8FAC2C2C-5EEF-46CB-A3D0-08A621B12AD3}"
                },
                {
                    "$": {
                        "tfid": "{6CDFEC67-C5E8-4502-8D80-2D231E94CE81}",
                        "key": "clear",
                        "type": "Droplink"
                    },
                    "content": "{3831CA08-55B1-4628-812C-7D5BFE054C7C}"
                },
                {
                    "$": {
                        "tfid": "{BADD9CF9-53E0-4D0C-BCC0-2D784C282F6A}",
                        "key": "__updated by",
                        "type": "Single-Line Text"
                    },
                    "content": "sitecore\\admin"
                },
                {
                    "$": {
                        "tfid": "{8CDC337E-A112-42FB-BBB4-4143751E123F}",
                        "key": "__revision",
                        "type": "Single-Line Text"
                    },
                    "content": "c766cc72-9f5b-40a2-bcd1-9be84fa7c51d"
                },
                {
                    "$": {
                        "tfid": "{F5EB2183-6521-4DDB-8CEE-49718D863347}",
                        "key": "alaska lounge",
                        "type": "Droplink"
                    },
                    "content": "{3831CA08-55B1-4628-812C-7D5BFE054C7C}"
                },
                {
                    "$": {
                        "tfid": "{59BC341A-E162-43FB-8713-4D6A48130AA0}",
                        "key": "partner lounge",
                        "type": "Droplink"
                    },
                    "content": "{3831CA08-55B1-4628-812C-7D5BFE054C7C}"
                },
                {
                    "$": {
                        "tfid": "{B891935D-1FB8-4FCE-B6A2-4F7ED0A5C21B}",
                        "key": "longitude",
                        "type": "Single-Line Text"
                    },
                    "content": ""
                },
                {
                    "$": {
                        "tfid": "{1908ABA5-7F89-4AEF-B9DE-577D890F67EB}",
                        "key": "power at gate",
                        "type": "Droplink"
                    },
                    "content": "{3831CA08-55B1-4628-812C-7D5BFE054C7C}"
                },
                {
                    "$": {
                        "tfid": "{2C88F364-5752-4F09-B660-57A68360A081}",
                        "key": "family bathroom",
                        "type": "Droplink"
                    },
                    "content": "{3831CA08-55B1-4628-812C-7D5BFE054C7C}"
                },
                {
                    "$": {
                        "tfid": "{74DAC316-0EF8-4168-805C-76F92784F702}",
                        "key": "cargo",
                        "type": "Droplist"
                    },
                    "content": "no"
                },
                {
                    "$": {
                        "tfid": "{84235086-FE2D-4DB3-9196-85F1375EB22F}",
                        "key": "kids play area",
                        "type": "Droplink"
                    },
                    "content": "{3831CA08-55B1-4628-812C-7D5BFE054C7C}"
                },
                {
                    "$": {
                        "tfid": "{2EB62A15-D0C9-4F31-AFC4-952AF454378F}",
                        "key": "when to arrive without bags",
                        "type": "Single-Line Text"
                    },
                    "content": "60"
                },
                {
                    "$": {
                        "tfid": "{4A765CA7-DC5A-4F80-BC22-AEB889E4C70D}",
                        "key": "when to arrive with bags",
                        "type": "Single-Line Text"
                    },
                    "content": "120"
                },
                {
                    "$": {
                        "tfid": "{25BED78C-4957-4165-998A-CA1B52F67497}",
                        "key": "__created",
                        "type": "datetime"
                    },
                    "content": "20161206T205910Z"
                },
                {
                    "$": {
                        "tfid": "{52807595-0F8F-4B20-8D2A-CB71D28C6103}",
                        "key": "__owner",
                        "type": "Single-Line Text"
                    },
                    "content": "sitecore\\admin"
                },
                {
                    "$": {
                        "tfid": "{E22EC0DA-B2A0-4C31-8E88-E0D8C4221452}",
                        "key": "tsa precheck",
                        "type": "Droplink"
                    },
                    "content": "{3831CA08-55B1-4628-812C-7D5BFE054C7C}"
                },
                {
                    "$": {
                        "tfid": "{D9CF14B1-FA16-4BA6-9288-E8A174D4D522}",
                        "key": "__updated",
                        "type": "datetime"
                    },
                    "content": "20170223T225129Z"
                },
                {
                    "$": {
                        "tfid": "{0BFED6BA-A491-4ECC-95AA-E907577AA632}",
                        "key": "airport kiosk location",
                        "type": "Multi-Line Text"
                    },
                    "content": "Self-service kiosks are available in the airport lobby near the ticketing/bag drop-off area."
                },
                {
                    "$": {
                        "tfid": "{C2E8A92B-C98B-4DB1-8CF3-EA5C57CED828}",
                        "key": "global entry",
                        "type": "Droplink"
                    },
                    "content": "{3831CA08-55B1-4628-812C-7D5BFE054C7C}"
                }
            ]
        }
    }
}