{
    "item": {
        "$": {
            "name": "Simple Types",
            "key": "simple types",
            "id": "{C3D117D1-66D3-44E2-BEB2-7B72B365BAAE}",
            "tid": "{A87A00B1-E6DB-45AB-8B54-636FEC3B5523}",
            "mid": "{30235F43-6242-4107-87AB-5267E34EDF0C}",
            "sortorder": "100",
            "language": "de-DE",
            "version": "1",
            "template": "folder",
            "parentid": "{76E6D8C7-1F93-4712-872B-DA3C96B808F2}",
            "created": "20170407T122042Z"
        },
        "fields": {
            "field": [
                {
                    "$": {
                        "tfid": "{5DD74568-4D4B-44C1-B513-0AF5F4CDA34F}",
                        "key": "__created by",
                        "type": "Single-Line Text"
                    },
                    "content": "sitecore\\admin"
                },
                {
                    "$": {
                        "tfid": "{BADD9CF9-53E0-4D0C-BCC0-2D784C282F6A}",
                        "key": "__updated by",
                        "type": "Single-Line Text"
                    },
                    "content": "sitecore\\admin"
                },
                {
                    "$": {
                        "tfid": "{8CDC337E-A112-42FB-BBB4-4143751E123F}",
                        "key": "__revision",
                        "type": "Single-Line Text"
                    },
                    "content": "552cda1d-6e5a-46a3-8aab-de807f472b8d"
                },
                {
                    "$": {
                        "tfid": "{25BED78C-4957-4165-998A-CA1B52F67497}",
                        "key": "__created",
                        "type": "datetime"
                    },
                    "content": "20170407T130706Z"
                },
                {
                    "$": {
                        "tfid": "{52807595-0F8F-4B20-8D2A-CB71D28C6103}",
                        "key": "__owner",
                        "type": "Single-Line Text"
                    },
                    "content": "sitecore\\admin"
                },
                {
                    "$": {
                        "tfid": "{D9CF14B1-FA16-4BA6-9288-E8A174D4D522}",
                        "key": "__updated",
                        "type": "datetime"
                    },
                    "content": "20170407T130706Z"
                },
                {
                    "$": {
                        "tfid": "{B5E02AD9-D56F-4C41-A065-A133DB87BDEB}",
                        "key": "__display name",
                        "type": "Single-Line Text"
                    },
                    "content": "Einfache Typen"
                },
                {
                    "$": {
                        "tfid": "{F6D8A61C-2F84-4401-BD24-52D2068172BC}",
                        "key": "__originator",
                        "type": "Droptree"
                    },
                    "content": ""
                },
                {
                    "$": {
                        "tfid": "{BA3F86A2-4A1C-4D78-B63D-91C2779C1B5E}",
                        "key": "__sortorder",
                        "type": "Single-Line Text"
                    },
                    "content": "100"
                }
            ]
        }
    }
}