{
    "item": {
        "$": {
            "name": "Page Tracking",
            "key": "page tracking",
            "id": "{9FA5A38B-D299-4B0B-9AF9-1019D85DC45B}",
            "tid": "{A87A00B1-E6DB-45AB-8B54-636FEC3B5523}",
            "mid": "{00000000-0000-0000-0000-000000000000}",
            "sortorder": "100",
            "language": "en",
            "version": "1",
            "template": "folder",
            "parentid": "{DFE979A5-65A3-419B-950E-6F0FC71226BC}",
            "created": "20161220T221310Z"
        },
        "fields": {
            "field": [
                {
                    "$": {
                        "tfid": "{5DD74568-4D4B-44C1-B513-0AF5F4CDA34F}",
                        "key": "__created by",
                        "type": "Single-Line Text"
                    },
                    "content": "sitecore\\admin"
                },
                {
                    "$": {
                        "tfid": "{BADD9CF9-53E0-4D0C-BCC0-2D784C282F6A}",
                        "key": "__updated by",
                        "type": "Single-Line Text"
                    },
                    "content": "sitecore\\bshields"
                },
                {
                    "$": {
                        "tfid": "{8CDC337E-A112-42FB-BBB4-4143751E123F}",
                        "key": "__revision",
                        "type": "Single-Line Text"
                    },
                    "content": "937e163d-4a43-4d00-a5ef-9d6af1f5a59b"
                },
                {
                    "$": {
                        "tfid": "{25BED78C-4957-4165-998A-CA1B52F67497}",
                        "key": "__created",
                        "type": "datetime"
                    },
                    "content": "20161220T221310Z"
                },
                {
                    "$": {
                        "tfid": "{D9CF14B1-FA16-4BA6-9288-E8A174D4D522}",
                        "key": "__updated",
                        "type": "datetime"
                    },
                    "content": "20170707T202432Z"
                },
                {
                    "$": {
                        "tfid": "{DEC8D2D5-E3CF-48B6-A653-8E69E2716641}",
                        "key": "__security",
                        "type": "security"
                    },
                    "content": "ar|sitecore\\AS Cargo Editor|pe|-item:read|pd|-item:read|ar|sitecore\\AS Merchandiser|pe|+item:create|+bucket:unmake|+item:rename|+item:delete|+item:write|+item:read|+bucket:makebucket|+item:admin|pd|+item:create|+bucket:unmake|+item:rename|+item:delete|+item:write|+item:read|+bucket:makebucket|+item:admin|"
                }
            ]
        }
    }
}