{
    "item": {
        "$": {
            "name": "EazyBiz",
            "key": "eazybiz",
            "id": "{F714AD2B-A6F1-4008-BA76-B67836DD520D}",
            "tid": "{DBCB5025-0892-40CB-AF2B-F584B94DD132}",
            "mid": "{00000000-0000-0000-0000-000000000000}",
            "sortorder": "100",
            "language": "en",
            "version": "1",
            "template": "configuration group",
            "parentid": "{9FA5A38B-D299-4B0B-9AF9-1019D85DC45B}",
            "created": "20161220T221828Z"
        },
        "fields": {
            "field": [
                {
                    "$": {
                        "tfid": "{5DD74568-4D4B-44C1-B513-0AF5F4CDA34F}",
                        "key": "__created by",
                        "type": "Single-Line Text"
                    },
                    "content": "sitecore\\admin"
                },
                {
                    "$": {
                        "tfid": "{BADD9CF9-53E0-4D0C-BCC0-2D784C282F6A}",
                        "key": "__updated by",
                        "type": "Single-Line Text"
                    },
                    "content": "sitecore\\fakeshuber"
                },
                {
                    "$": {
                        "tfid": "{8CDC337E-A112-42FB-BBB4-4143751E123F}",
                        "key": "__revision",
                        "type": "Single-Line Text"
                    },
                    "content": "4e4551fc-2756-40c9-8d79-e5a0be12e46b"
                },
                {
                    "$": {
                        "tfid": "{25BED78C-4957-4165-998A-CA1B52F67497}",
                        "key": "__created",
                        "type": "datetime"
                    },
                    "content": "20161220T221828Z"
                },
                {
                    "$": {
                        "tfid": "{D9CF14B1-FA16-4BA6-9288-E8A174D4D522}",
                        "key": "__updated",
                        "type": "datetime"
                    },
                    "content": "20180720T155352Z"
                },
                {
                    "$": {
                        "tfid": "{1172F251-DAD4-4EFB-A329-0C63500E4F1E}",
                        "key": "__masters",
                        "type": "TreelistEx"
                    },
                    "content": "{275F17F3-CF92-47E0-8A87-3E43539EADF1}"
                },
                {
                    "$": {
                        "tfid": "{06D5295C-ED2F-4A54-9BF2-26228D113318}",
                        "key": "__icon",
                        "type": "Icon"
                    },
                    "content": "applications/16x16/form_red.png"
                }
            ]
        }
    }
}