{
    "item": {
        "$": {
            "name": "__Standard Values",
            "key": "__standard values",
            "id": "{CA8D97EC-AF66-4252-B71C-A060FA033C2A}",
            "tid": "{7294ACC6-EEB6-4157-877B-3E0BA075F3BE}",
            "mid": "{00000000-0000-0000-0000-000000000000}",
            "sortorder": "100",
            "language": "en",
            "version": "1",
            "template": "2col",
            "parentid": "{7294ACC6-EEB6-4157-877B-3E0BA075F3BE}",
            "created": "20160916T225144Z"
        },
        "fields": {
            "field": [
                {
                    "$": {
                        "tfid": "{5DD74568-4D4B-44C1-B513-0AF5F4CDA34F}",
                        "key": "__created by",
                        "type": "Single-Line Text"
                    },
                    "content": "sitecore\\admin"
                },
                {
                    "$": {
                        "tfid": "{E526C7D1-71B8-413E-9CBB-2B558FE42B76}",
                        "key": "1col",
                        "type": "Single-Line Text"
                    },
                    "content": "col-sm-6"
                },
                {
                    "$": {
                        "tfid": "{BADD9CF9-53E0-4D0C-BCC0-2D784C282F6A}",
                        "key": "__updated by",
                        "type": "Single-Line Text"
                    },
                    "content": "sitecore\\bshields"
                },
                {
                    "$": {
                        "tfid": "{8CDC337E-A112-42FB-BBB4-4143751E123F}",
                        "key": "__revision",
                        "type": "Single-Line Text"
                    },
                    "content": "6d5edf55-166e-40e6-b874-5cd94bd419d6"
                },
                {
                    "$": {
                        "tfid": "{25BED78C-4957-4165-998A-CA1B52F67497}",
                        "key": "__created",
                        "type": "datetime"
                    },
                    "content": "20160916T225144Z"
                },
                {
                    "$": {
                        "tfid": "{1E640F5E-609B-4638-8A21-CE7C7421C184}",
                        "key": "container",
                        "type": "Single-Line Text"
                    },
                    "content": "container"
                },
                {
                    "$": {
                        "tfid": "{AD385641-3224-4B5A-ACD0-E146D3F8E043}",
                        "key": "2col",
                        "type": "Single-Line Text"
                    },
                    "content": "col-sm-6"
                },
                {
                    "$": {
                        "tfid": "{D9CF14B1-FA16-4BA6-9288-E8A174D4D522}",
                        "key": "__updated",
                        "type": "datetime"
                    },
                    "content": "20190613T185556Z"
                },
                {
                    "$": {
                        "tfid": "{8FAA31ED-AFB3-443D-8979-F5D19D9F0B57}",
                        "key": "example-classes",
                        "type": "Rich Text"
                    },
                    "content": "<p>Use any of the available classes below.</p>\n<h3>Text Alignment</h3>\n<code>text-center, text-right, text-left, </code>\n<h3>Container</h3\n<code>container,container-hero</code>\n<h3>Colors</h3\n<code>bg-limeade,bg-nemo,bg-galapagos,bg-tropical,bg-atlas,bg-midnight, bg-breeze, bg-mist</code>\n<h3>Utilities</h3\n<code>no-bottom-margin, padding-v-100, padding-h-100 (every 10 pixels down to 0 are also available, like padding-v-20, or padding-h-0)</code>\n<p>Additionally checkout the <a href=\"https://getbootstrap.com/docs/3.3/css/#responsive-utilities\">bootstrap documentation</a> for more utility classes</p>"
                },
                {
                    "$": {
                        "tfid": "{F1A1FE9E-A60C-4DDB-A3A0-BB5B29FE732E}",
                        "key": "__renderings",
                        "type": "layout"
                    },
                    "content": "<r />"
                },
                {
                    "$": {
                        "tfid": "{3094D236-5985-4C4F-AE6A-E30740885532}",
                        "key": "caching",
                        "type": "Custom"
                    },
                    "content": "0|0|0|0|0|0|0|0"
                }
            ]
        }
    }
}