{
    "item": {
        "$": {
            "name": "__Standard Values",
            "key": "__standard values",
            "id": "{91116AC0-33F1-42D0-8AA6-CB0DE1B9A1E7}",
            "tid": "{2E38B701-3491-406A-8557-69747A103C94}",
            "mid": "{00000000-0000-0000-0000-000000000000}",
            "sortorder": "100",
            "language": "en",
            "version": "1",
            "template": "airplane paint",
            "parentid": "{2E38B701-3491-406A-8557-69747A103C94}",
            "created": "20170118T182250Z"
        },
        "fields": {
            "field": [
                {
                    "$": {
                        "tfid": "{5DD74568-4D4B-44C1-B513-0AF5F4CDA34F}",
                        "key": "__created by",
                        "type": "Single-Line Text"
                    },
                    "content": "sitecore\\admin"
                },
                {
                    "$": {
                        "tfid": "{BADD9CF9-53E0-4D0C-BCC0-2D784C282F6A}",
                        "key": "__updated by",
                        "type": "Single-Line Text"
                    },
                    "content": "sitecore\\admin"
                },
                {
                    "$": {
                        "tfid": "{8CDC337E-A112-42FB-BBB4-4143751E123F}",
                        "key": "__revision",
                        "type": "Single-Line Text"
                    },
                    "content": "9eb5ff0a-be77-4820-8fa2-b5878898c588"
                },
                {
                    "$": {
                        "tfid": "{66BF0481-4D17-4FCE-83AF-C660D9E4BC13}",
                        "key": "airplane image",
                        "type": "Image"
                    },
                    "content": "<image mediapath=\"/Images/Placeholder Images/placeholder-500x500\" alt=\"\" width=\"\" height=\"\" hspace=\"\" vspace=\"\" showineditor=\"\" usethumbnail=\"\" src=\"~/media/Images/Placeholder Images/placeholder-500x500\" mediaid=\"{E5DB1E63-8F31-40F7-9CE6-7E49D76D59F4}\" />"
                },
                {
                    "$": {
                        "tfid": "{25BED78C-4957-4165-998A-CA1B52F67497}",
                        "key": "__created",
                        "type": "datetime"
                    },
                    "content": "20170118T182250Z"
                },
                {
                    "$": {
                        "tfid": "{52807595-0F8F-4B20-8D2A-CB71D28C6103}",
                        "key": "__owner",
                        "type": "Single-Line Text"
                    },
                    "content": "sitecore\\admin"
                },
                {
                    "$": {
                        "tfid": "{D9CF14B1-FA16-4BA6-9288-E8A174D4D522}",
                        "key": "__updated",
                        "type": "datetime"
                    },
                    "content": "20170118T182944Z"
                }
            ]
        }
    }
}