{
    "item": {
        "$": {
            "name": "Meta Data",
            "key": "meta data",
            "id": "{0C4F990B-6AA1-4F58-A06A-F2C3AC531C46}",
            "tid": "{AB86861A-6030-46C5-B394-E8F99E8B87DB}",
            "mid": "{00000000-0000-0000-0000-000000000000}",
            "sortorder": "100",
            "language": "en",
            "version": "1",
            "template": "template",
            "parentid": "{A34FF33A-1497-4266-A18A-504F69AF170D}",
            "created": "20160907T204912Z"
        },
        "fields": {
            "field": [
                {
                    "$": {
                        "tfid": "{5DD74568-4D4B-44C1-B513-0AF5F4CDA34F}",
                        "key": "__created by",
                        "type": "Single-Line Text"
                    },
                    "content": "sitecore\\admin"
                },
                {
                    "$": {
                        "tfid": "{BADD9CF9-53E0-4D0C-BCC0-2D784C282F6A}",
                        "key": "__updated by",
                        "type": "Single-Line Text"
                    },
                    "content": "sitecore\\admin"
                },
                {
                    "$": {
                        "tfid": "{8CDC337E-A112-42FB-BBB4-4143751E123F}",
                        "key": "__revision",
                        "type": "Single-Line Text"
                    },
                    "content": "01b72c39-f3da-4723-ae85-3655bd6ddbe7"
                },
                {
                    "$": {
                        "tfid": "{25BED78C-4957-4165-998A-CA1B52F67497}",
                        "key": "__created",
                        "type": "datetime"
                    },
                    "content": "20160907T204912Z"
                },
                {
                    "$": {
                        "tfid": "{D9CF14B1-FA16-4BA6-9288-E8A174D4D522}",
                        "key": "__updated",
                        "type": "datetime"
                    },
                    "content": "20160907T205151Z"
                },
                {
                    "$": {
                        "tfid": "{06D5295C-ED2F-4A54-9BF2-26228D113318}",
                        "key": "__icon",
                        "type": "Icon"
                    },
                    "content": "Applications/32x32/form_blue.png"
                },
                {
                    "$": {
                        "tfid": "{12C33F3F-86C5-43A5-AEB4-5598CEC45116}",
                        "key": "__base template",
                        "type": "tree list"
                    },
                    "content": "{1930BBEB-7805-471A-A3BE-4858AC7CF696}"
                },
                {
                    "$": {
                        "tfid": "{F7D48A55-2158-4F02-9356-756654404F73}",
                        "key": "__standard values",
                        "type": "Droptree"
                    },
                    "content": "{C5232A10-450E-454D-A385-8E7C98FDAF49}"
                }
            ]
        }
    }
}