{
    "item": {
        "$": {
            "name": "3col",
            "key": "3col",
            "id": "{7E899043-80D7-41F0-81C7-EF82C04B2879}",
            "tid": "{AB86861A-6030-46C5-B394-E8F99E8B87DB}",
            "mid": "{00000000-0000-0000-0000-000000000000}",
            "sortorder": "100",
            "language": "en",
            "version": "1",
            "template": "template",
            "parentid": "{D79501B6-F81B-45F9-8E5D-480064CB69FF}",
            "created": "20160916T225200Z"
        },
        "fields": {
            "field": [
                {
                    "$": {
                        "tfid": "{5DD74568-4D4B-44C1-B513-0AF5F4CDA34F}",
                        "key": "__created by",
                        "type": "Single-Line Text"
                    },
                    "content": "sitecore\\admin"
                },
                {
                    "$": {
                        "tfid": "{BADD9CF9-53E0-4D0C-BCC0-2D784C282F6A}",
                        "key": "__updated by",
                        "type": "Single-Line Text"
                    },
                    "content": "sitecore\\admin"
                },
                {
                    "$": {
                        "tfid": "{8CDC337E-A112-42FB-BBB4-4143751E123F}",
                        "key": "__revision",
                        "type": "Single-Line Text"
                    },
                    "content": "f91f0d4a-4b6c-4734-a170-3ba5fa975d4c"
                },
                {
                    "$": {
                        "tfid": "{25BED78C-4957-4165-998A-CA1B52F67497}",
                        "key": "__created",
                        "type": "datetime"
                    },
                    "content": "20160916T225200Z"
                },
                {
                    "$": {
                        "tfid": "{D9CF14B1-FA16-4BA6-9288-E8A174D4D522}",
                        "key": "__updated",
                        "type": "datetime"
                    },
                    "content": "20161007T212352Z"
                },
                {
                    "$": {
                        "tfid": "{06D5295C-ED2F-4A54-9BF2-26228D113318}",
                        "key": "__icon",
                        "type": "Icon"
                    },
                    "content": "Business/32x32/tables.png"
                },
                {
                    "$": {
                        "tfid": "{12C33F3F-86C5-43A5-AEB4-5598CEC45116}",
                        "key": "__base template",
                        "type": "tree list"
                    },
                    "content": "{8CA06D6A-B353-44E8-BC31-B528C7306971}"
                },
                {
                    "$": {
                        "tfid": "{F7D48A55-2158-4F02-9356-756654404F73}",
                        "key": "__standard values",
                        "type": "Droptree"
                    },
                    "content": "{4BF30A6E-8835-4566-B52A-8947D2249DED}"
                }
            ]
        }
    }
}