{
    "item": {
        "$": {
            "name": "HU1901",
            "key": "hu1901",
            "id": "{5ACD55AE-DC82-4A08-B948-41A942555E99}",
            "tid": "{3515DFA5-C29B-43C6-89BC-3BCCC02DB3F8}",
            "mid": "{00000000-0000-0000-0000-000000000000}",
            "sortorder": "100",
            "language": "en",
            "version": "1",
            "template": "custompromo",
            "parentid": "{C5FDFA1C-0C1A-4FBB-80F6-AE8FEC232151}",
            "created": "20190426T215552Z"
        },
        "fields": {
            "field": [
                {
                    "$": {
                        "tfid": "{5DD74568-4D4B-44C1-B513-0AF5F4CDA34F}",
                        "key": "__created by",
                        "type": "Single-Line Text"
                    },
                    "content": "sitecore\\sturner"
                },
                {
                    "$": {
                        "tfid": "{421162AE-0544-4BB6-BBB5-27BD5D36C87D}",
                        "key": "a",
                        "type": "Rich Text"
                    },
                    "content": ""
                },
                {
                    "$": {
                        "tfid": "{BADD9CF9-53E0-4D0C-BCC0-2D784C282F6A}",
                        "key": "__updated by",
                        "type": "Single-Line Text"
                    },
                    "content": "sitecore\\sturner"
                },
                {
                    "$": {
                        "tfid": "{8CDC337E-A112-42FB-BBB4-4143751E123F}",
                        "key": "__revision",
                        "type": "Single-Line Text"
                    },
                    "content": "a5252bc7-9ddf-451e-b695-ef22cd25a860"
                },
                {
                    "$": {
                        "tfid": "{D2D88CF4-BBB2-4E33-A119-57A4B9DEFEF7}",
                        "key": "terms",
                        "type": "Rich Text"
                    },
                    "content": "<p class=\"fine-print\">\n*Double miles for Alaska Airlines Mileage Plan&trade; members who register for this promotion and fly one of the qualifying flights between June 1, 2019, through August 31, 2019. Qualifying flights must be marketed and operated by Hainan Airlines and eligible for mileage accrual. Double miles offer is valid on the base miles of qualifying paid flights booked in fare class C, D, Z, I, R, Y, B, H, K, L, M, X, V, W, U, N or Q. Eligible Flight requirements and percentage of base miles earned can be viewed on the <a href=\"/content/mileage-plan/how-to-earn-miles/airline-partners/hainan-airlines\" target=\"_blank\">Hainan Airlines partner page</a>. All travel must be completed by August 31, 2019. Mileage for qualifying flights must be credited to the member&rsquo;s Mileage Plan&trade; account. Member must register for the promotion at www.alaskaair.com/promo/HU1901 before the first qualifying flight. Offer not valid on free or award travel. Double miles do not count toward Mileage Plan&trade; elite status. Double miles will be awarded within four to six weeks of meeting the promotion&rsquo;s qualifications. Unless they conflict with these terms, all terms and conditions of the Mileage Plan&trade; program apply, which can be found at https://www.alaskaair.com/content/mileage-plan/terms-and-conditions. Offer subject to change without notice.</p>"
                },
                {
                    "$": {
                        "tfid": "{A5A02CF1-9D8D-4449-B904-5BDCF33ECC88}",
                        "key": "data",
                        "type": "Rich Text"
                    },
                    "content": "{\"id\":\"HU1901\", \"name\":\"Hainan Double Miles Promotion\", \"companyName\":\"Mileage Plan number and\", \"startDate\":\"5/1/2019\", \"endDate\":\"9/1/2019\", \"emailDomains\":[\"\"],\"RequireEmailValidation\":\"false\",\"promoName\":\"HU1901 Double Mile Promotion\", \"IsJoinOnly\":\"false\" }"
                },
                {
                    "$": {
                        "tfid": "{C3950F71-EF1E-4DD6-B356-780C544EDA93}",
                        "key": "logo",
                        "type": "Rich Text"
                    },
                    "content": "<img style=\"display:block;\" width=\"200\" src=\"-/media/4A1CC3AF26F449ECBC665B37DD3CEB3E\" alt=\"Alaska Mileage Plan\" />\n<img style=\"display:block;padding-top:20px;\" width=\"200\" src=\"-/media/1BCEB87EDF324E29864EB95B0747860C\" alt=\"Hainan Airlines logo\" />"
                },
                {
                    "$": {
                        "tfid": "{D5D5017F-50CD-42AB-84D8-A3974C9C0811}",
                        "key": "b",
                        "type": "Rich Text"
                    },
                    "content": ""
                },
                {
                    "$": {
                        "tfid": "{001DD393-96C5-490B-924A-B0F25CD9EFD8}",
                        "key": "__lock",
                        "type": "Multi-Line Text"
                    },
                    "content": "<r owner=\"sitecore\\sturner\" date=\"20190426T215552Z\" />"
                },
                {
                    "$": {
                        "tfid": "{1F6751F2-9550-47F6-BF82-B5DFA9282650}",
                        "key": "intro",
                        "type": "Rich Text"
                    },
                    "content": "<h1>Fly select Hainan flights and earn double miles.</h1>\n<p>This year, our global airline partner <a href=\"/content/mileage-plan/how-to-earn-miles/airline-partners/hainan-airlines\" target=\"_blank\">Hainan Airlines</a> is celebrating a milestone - the 20th anniversary of their Fortune Wings Club.\n</p>\n<p>We&rsquo;re joining in their anniversary festivities by offering a sweet treat: a chance to earn double Mileage Plan&trade; miles when exploring the world on select Hainan flights.</p>\n<p>Learn more about our Mileage Plan partnership with <a href=\"/content/mileage-plan/how-to-earn-miles/airline-partners/hainan-airlines\" target=\"_blank\">Hainan Airlines.</a></p>\n<p><strong>Here&rsquo;s our offer:</strong> </p>\n<p>Between June 1, 2019 and August 31, 2019, Mileage Plan members can earn double miles on any Hainan Airlines flight that is eligible for Mileage Plan accrual. </p>\n<p>Since Mileage Plan members earn by distance, not by the dollar, this double miles offer gets you closer to sweeter rewards, faster.</p>\n<p><strong>Here's how it works:</strong></p>\n<ol>\n    <li>Register your Mileage Plan number below before your first qualifying flight. </li>\n    <li>From June 1 through August 31, 2019, fly nonstop on Hainan Airlines.</li>\n    <li>Double miles will be credited to your Mileage Plan account within 4-6 weeks.</li>\n</ol>\n<p><a href=\"#register-form\"></a></p>\n<a href=\"#register-form\">\n</a><a name=\"register-form\"></a>"
                },
                {
                    "$": {
                        "tfid": "{2446FFE8-6940-4AB0-A93D-C4B7F99243E3}",
                        "key": "hero",
                        "type": "Rich Text"
                    },
                    "content": "<style>\n    .heroContainer {\n    margin: 0px 0px 20px 0px!important;\n    }\n</style>"
                },
                {
                    "$": {
                        "tfid": "{25BED78C-4957-4165-998A-CA1B52F67497}",
                        "key": "__created",
                        "type": "datetime"
                    },
                    "content": "20190426T215552Z"
                },
                {
                    "$": {
                        "tfid": "{52807595-0F8F-4B20-8D2A-CB71D28C6103}",
                        "key": "__owner",
                        "type": "Single-Line Text"
                    },
                    "content": "sitecore\\sturner"
                },
                {
                    "$": {
                        "tfid": "{D9CF14B1-FA16-4BA6-9288-E8A174D4D522}",
                        "key": "__updated",
                        "type": "datetime"
                    },
                    "content": "20190430T172401Z"
                },
                {
                    "$": {
                        "tfid": "{E0466C9C-44D0-4EAA-A4CB-F0255F61BF52}",
                        "key": "c",
                        "type": "Rich Text"
                    },
                    "content": ""
                }
            ]
        }
    }
}