{
    "item": {
        "$": {
            "name": "Base Page",
            "key": "base page",
            "id": "{E59AEBB8-B654-40A9-991F-4D4BA4FEA2FB}",
            "tid": "{AB86861A-6030-46C5-B394-E8F99E8B87DB}",
            "mid": "{00000000-0000-0000-0000-000000000000}",
            "sortorder": "100",
            "language": "en",
            "version": "1",
            "template": "template",
            "parentid": "{B29EE504-861C-492F-95A3-0D890B6FCA09}",
            "created": "20160825T222801Z"
        },
        "fields": {
            "field": [
                {
                    "$": {
                        "tfid": "{5DD74568-4D4B-44C1-B513-0AF5F4CDA34F}",
                        "key": "__created by",
                        "type": "Single-Line Text"
                    },
                    "content": "sitecore\\admin"
                },
                {
                    "$": {
                        "tfid": "{BADD9CF9-53E0-4D0C-BCC0-2D784C282F6A}",
                        "key": "__updated by",
                        "type": "Single-Line Text"
                    },
                    "content": "sitecore\\unicorn"
                },
                {
                    "$": {
                        "tfid": "{8CDC337E-A112-42FB-BBB4-4143751E123F}",
                        "key": "__revision",
                        "type": "Single-Line Text"
                    },
                    "content": "9c57c615-e5f4-46c6-9a87-5a4856a53b76"
                },
                {
                    "$": {
                        "tfid": "{25BED78C-4957-4165-998A-CA1B52F67497}",
                        "key": "__created",
                        "type": "datetime"
                    },
                    "content": "20160825T222801Z"
                },
                {
                    "$": {
                        "tfid": "{D9CF14B1-FA16-4BA6-9288-E8A174D4D522}",
                        "key": "__updated",
                        "type": "datetime"
                    },
                    "content": "20170811T155014Z"
                },
                {
                    "$": {
                        "tfid": "{06D5295C-ED2F-4A54-9BF2-26228D113318}",
                        "key": "__icon",
                        "type": "Icon"
                    },
                    "content": "ApplicationsV2/32x32/text_rich_colored.png"
                },
                {
                    "$": {
                        "tfid": "{12C33F3F-86C5-43A5-AEB4-5598CEC45116}",
                        "key": "__base template",
                        "type": "tree list"
                    },
                    "content": "{1930BBEB-7805-471A-A3BE-4858AC7CF696}|{36F38226-45B1-45C1-B75E-1511E5283BED}|{0C4F990B-6AA1-4F58-A06A-F2C3AC531C46}|{144609AF-9A12-4654-ACBB-DE1BE55DD973}|{8C1B36E0-7146-4AF2-99F6-2EECA4D92C63}|{1792C63A-0363-4682-B629-5BA659EF867D}|{7EB8B290-120C-4F1A-AD05-068E266C56B2}"
                },
                {
                    "$": {
                        "tfid": "{F7D48A55-2158-4F02-9356-756654404F73}",
                        "key": "__standard values",
                        "type": "Droptree"
                    },
                    "content": "{35ED9C6D-679D-403D-855C-05CA34D26E59}"
                },
                {
                    "$": {
                        "tfid": "{F1A1FE9E-A60C-4DDB-A3A0-BB5B29FE732E}",
                        "key": "__renderings",
                        "type": "layout"
                    },
                    "content": "<r />"
                }
            ]
        }
    }
}