{
    "item": {
        "$": {
            "name": "Web Chat Button ClassName",
            "key": "web chat button classname",
            "id": "{2B953F09-E1B9-4B14-BF7B-A833F2D6CF97}",
            "tid": "{455A3E98-A627-4B40-8035-E683A0331AC7}",
            "mid": "{00000000-0000-0000-0000-000000000000}",
            "sortorder": "500",
            "language": "en",
            "version": "1",
            "template": "template field",
            "parentid": "{C8922977-199C-4DE3-9C34-D62D6B840DE3}",
            "created": "20190116T184806Z"
        },
        "fields": {
            "field": [
                {
                    "$": {
                        "tfid": "{5DD74568-4D4B-44C1-B513-0AF5F4CDA34F}",
                        "key": "__created by",
                        "type": "Single-Line Text"
                    },
                    "content": "sitecore\\Admin"
                },
                {
                    "$": {
                        "tfid": "{BADD9CF9-53E0-4D0C-BCC0-2D784C282F6A}",
                        "key": "__updated by",
                        "type": "Single-Line Text"
                    },
                    "content": "sitecore\\unicorn"
                },
                {
                    "$": {
                        "tfid": "{8CDC337E-A112-42FB-BBB4-4143751E123F}",
                        "key": "__revision",
                        "type": "Single-Line Text"
                    },
                    "content": "c472fd42-048d-4901-9556-17092ba49004"
                },
                {
                    "$": {
                        "tfid": "{25BED78C-4957-4165-998A-CA1B52F67497}",
                        "key": "__created",
                        "type": "datetime"
                    },
                    "content": "20190107T205703Z"
                },
                {
                    "$": {
                        "tfid": "{D9CF14B1-FA16-4BA6-9288-E8A174D4D522}",
                        "key": "__updated",
                        "type": "datetime"
                    },
                    "content": "20190603T175946Z"
                },
                {
                    "$": {
                        "tfid": "{BA3F86A2-4A1C-4D78-B63D-91C2779C1B5E}",
                        "key": "__sortorder",
                        "type": "Single-Line Text"
                    },
                    "content": "500"
                },
                {
                    "$": {
                        "tfid": "{AB162CC0-DC80-4ABF-8871-998EE5D7BA32}",
                        "key": "type",
                        "type": "Grouped Droplist"
                    },
                    "content": "Single-Line Text"
                }
            ]
        }
    }
}