{
    "item": {
        "$": {
            "name": "Cargo",
            "key": "cargo",
            "id": "{DCE55687-EBA8-496C-8580-6EAE5680DF6F}",
            "tid": "{A87A00B1-E6DB-45AB-8B54-636FEC3B5523}",
            "mid": "{00000000-0000-0000-0000-000000000000}",
            "sortorder": "100",
            "language": "en",
            "version": "1",
            "template": "folder",
            "parentid": "{DFE979A5-65A3-419B-950E-6F0FC71226BC}",
            "created": "20170215T225230Z"
        },
        "fields": {
            "field": [
                {
                    "$": {
                        "tfid": "{5DD74568-4D4B-44C1-B513-0AF5F4CDA34F}",
                        "key": "__created by",
                        "type": "Single-Line Text"
                    },
                    "content": "sitecore\\admin"
                },
                {
                    "$": {
                        "tfid": "{BADD9CF9-53E0-4D0C-BCC0-2D784C282F6A}",
                        "key": "__updated by",
                        "type": "Single-Line Text"
                    },
                    "content": "sitecore\\bshields"
                },
                {
                    "$": {
                        "tfid": "{8CDC337E-A112-42FB-BBB4-4143751E123F}",
                        "key": "__revision",
                        "type": "Single-Line Text"
                    },
                    "content": "6c72cbba-3166-4ca7-a5db-dc47e195923c"
                },
                {
                    "$": {
                        "tfid": "{25BED78C-4957-4165-998A-CA1B52F67497}",
                        "key": "__created",
                        "type": "datetime"
                    },
                    "content": "20170215T225230Z"
                },
                {
                    "$": {
                        "tfid": "{D9CF14B1-FA16-4BA6-9288-E8A174D4D522}",
                        "key": "__updated",
                        "type": "datetime"
                    },
                    "content": "20181128T172440Z"
                },
                {
                    "$": {
                        "tfid": "{DEC8D2D5-E3CF-48B6-A653-8E69E2716641}",
                        "key": "__security",
                        "type": "security"
                    },
                    "content": "ar|sitecore\\Content Producer|pe|+item:create|+item:read|+item:rename|+item:delete|+item:write|^*|pd|+item:create|+item:read|+item:rename|+item:delete|+item:write|^*|ar|sitecore\\AS Cargo Editor|pe|+item:create|+item:write|+item:read|^*|pd|+item:create|+item:write|+item:read|^*|"
                }
            ]
        }
    }
}