{
    "item": {
        "$": {
            "name": "QF1701",
            "key": "qf1701",
            "id": "{0817A799-FDD2-4B50-842F-3D3358E8E3BA}",
            "tid": "{3515DFA5-C29B-43C6-89BC-3BCCC02DB3F8}",
            "mid": "{00000000-0000-0000-0000-000000000000}",
            "sortorder": "100",
            "language": "en",
            "version": "1",
            "template": "custompromo",
            "parentid": "{C5FDFA1C-0C1A-4FBB-80F6-AE8FEC232151}",
            "created": "20170929T173134Z"
        },
        "fields": {
            "field": [
                {
                    "$": {
                        "tfid": "{5DD74568-4D4B-44C1-B513-0AF5F4CDA34F}",
                        "key": "__created by",
                        "type": "Single-Line Text"
                    },
                    "content": "sitecore\\evotch"
                },
                {
                    "$": {
                        "tfid": "{421162AE-0544-4BB6-BBB5-27BD5D36C87D}",
                        "key": "a",
                        "type": "Rich Text"
                    },
                    "content": ""
                },
                {
                    "$": {
                        "tfid": "{BADD9CF9-53E0-4D0C-BCC0-2D784C282F6A}",
                        "key": "__updated by",
                        "type": "Single-Line Text"
                    },
                    "content": "sitecore\\JCarlon"
                },
                {
                    "$": {
                        "tfid": "{8CDC337E-A112-42FB-BBB4-4143751E123F}",
                        "key": "__revision",
                        "type": "Single-Line Text"
                    },
                    "content": "d9b370ba-9581-46e4-96b8-f2940e0d3681"
                },
                {
                    "$": {
                        "tfid": "{D2D88CF4-BBB2-4E33-A119-57A4B9DEFEF7}",
                        "key": "terms",
                        "type": "Rich Text"
                    },
                    "content": "\n\n\n<p class=\"fine-print\">*To qualify for this promotion, members must register by October 31, 2017, and prior to their first qualifying flight. Registered members will receive  the double base miles earned on economy fares booked in Q, O, N, S, V, M, L, G, K, H, B, and Y class of service.  Double miles offer is valid only on qualifying paid flights between Dallas (DFW), New York - Kennedy (JFK), San Francisco (SFO), or Vancouver, BC (YVR) and Sydney (SYD), and between Los Angeles (LAX) and Brisbane (BNE), Melbourne (MEL), or Sydney (SYD) from November 1, 2017, through May 31, 2018. All travel must be completed by May 31, 2018. Flights must be marketed and operated by Qantas. Flights must be flown in the eligible economy classes of service listed above. Flight miles must be credited to your Alaska Airlines Mileage Plan account in order to earn double miles. Not valid on free or award travel. Double miles do not count toward Mileage Plan elite status. Please allow four to six weeks for miles to be credited to your Mileage Plan account. All terms and conditions of the Mileage Plan program apply. Offer subject to change without notice. </p>"
                },
                {
                    "$": {
                        "tfid": "{A5A02CF1-9D8D-4449-B904-5BDCF33ECC88}",
                        "key": "data",
                        "type": "Rich Text"
                    },
                    "content": "{\"id\":\"QF1701\", \"name\":\"Qantas Double Miles\", \"companyName\":\"Mileage Plan number and\", \"startDate\":\"1/1/2017\", \"endDate\":\"10/31/2017\", \"emailDomains\":[\"\"],\"RequireEmailValidation\":\"false\",\"promoName\":\"QF1701 Double Mile Promotion\", \"IsJoinOnly\":\"false\" }"
                },
                {
                    "$": {
                        "tfid": "{C3950F71-EF1E-4DD6-B356-780C544EDA93}",
                        "key": "logo",
                        "type": "Rich Text"
                    },
                    "content": "<img width=\"300\" src=\"//resource.alaskaair.net/-/media/Images/logos/partners/airlines/logo-qantas\" alt=\"Qantas Spirit of Australia logo\" />"
                },
                {
                    "$": {
                        "tfid": "{D5D5017F-50CD-42AB-84D8-A3974C9C0811}",
                        "key": "b",
                        "type": "Rich Text"
                    },
                    "content": "<!-- <strong>Content B</strong>\n<p>\nLorem ipsum dolor sit amet, consectetur adipiscing elit. Cras mi nunc, scelerisque sit amet finibus ut, tempus vel nisl. Etiam odio lorem, efficitur suscipit dignissim quis, posuere at neque. Donec dictum justo eget tortor cursus, ac iaculis nisi facilisis. Suspendisse hendrerit posuere tortor. Suspendisse quis mollis ex. Ut viverra vel nibh id eleifend. Suspendisse potenti.\n</p>  -->"
                },
                {
                    "$": {
                        "tfid": "{001DD393-96C5-490B-924A-B0F25CD9EFD8}",
                        "key": "__lock",
                        "type": "Multi-Line Text"
                    },
                    "content": "<r owner=\"sitecore\\JCarlon\" date=\"20180720T211211Z\" />"
                },
                {
                    "$": {
                        "tfid": "{1F6751F2-9550-47F6-BF82-B5DFA9282650}",
                        "key": "intro",
                        "type": "Rich Text"
                    },
                    "content": "\n<h1>Earn Double Miles on Qantas </h1>\n\n\n\n<p class=\"lead\">Traveling to Australia is no longer just a bucket list item. With six direct Qantas flights from the US, flying to Australia has never been easier for Mileage Plan&trade; members. </p>\n  \n  <p>Plus, you'll earn double Mileage Plan miles on economy fares when you register below and travel with Qantas between November 1, 2017, and May 31, 2018, from one of Qantas' North American gateway cities.</p>  \n\n\n<h4>Fly direct between:</h4>\n\n<p ><strong>\n  Los Angeles and Brisbane<br/>\n  Los Angeles and Melbourne<br/>\nLos Angeles and Sydney<br />\n\n\n\n  Dallas/Fort Worth and Sydney<br/>\n New York and Sydney (via Los Angeles)<br/>\nSan Francisco and Sydney<br/>\n  Vancouver, BC and Sydney</strong> </p>\n\n<p>Thinking about traveling in Business or First class with Qantas? There are great bonus offers in all cabins. Visit our <a href=\"/content/mileage-plan/how-to-earn-miles/airline-partners/qantas\">Qantas partner page</a> to see how many miles you could earn.\n<br>"
                },
                {
                    "$": {
                        "tfid": "{2446FFE8-6940-4AB0-A93D-C4B7F99243E3}",
                        "key": "hero",
                        "type": "Rich Text"
                    },
                    "content": "<style>\n\n.heroContainer img {\n    width: 100%;\n    max-height: 400px; \n}</style>\n\n<img src=\"-/media/7CCC3187AC2C4DD3ADF82A5358B8A0DD\" alt=\"Sydney Opera House\" />\n\n"
                },
                {
                    "$": {
                        "tfid": "{25BED78C-4957-4165-998A-CA1B52F67497}",
                        "key": "__created",
                        "type": "datetime"
                    },
                    "content": "20170811T164040Z"
                },
                {
                    "$": {
                        "tfid": "{52807595-0F8F-4B20-8D2A-CB71D28C6103}",
                        "key": "__owner",
                        "type": "Single-Line Text"
                    },
                    "content": "sitecore\\evotch"
                },
                {
                    "$": {
                        "tfid": "{D9CF14B1-FA16-4BA6-9288-E8A174D4D522}",
                        "key": "__updated",
                        "type": "datetime"
                    },
                    "content": "20180720T211606Z"
                },
                {
                    "$": {
                        "tfid": "{E0466C9C-44D0-4EAA-A4CB-F0255F61BF52}",
                        "key": "c",
                        "type": "Rich Text"
                    },
                    "content": "<!-- <strong>Content C</strong>\n<p>\nLorem ipsum dolor sit amet, consectetur adipiscing elit. Cras mi nunc, scelerisque sit amet finibus ut, tempus vel nisl. Etiam odio lorem, efficitur suscipit dignissim quis, posuere at neque. Donec dictum justo eget tortor cursus, ac iaculis nisi facilisis. Suspendisse hendrerit posuere tortor. Suspendisse quis mollis ex. Ut viverra vel nibh id eleifend. Suspendisse potenti.\n</p>  -->"
                }
            ]
        }
    }
}