{
    "item": {
        "$": {
            "name": "history",
            "key": "history",
            "id": "{845FB8CD-4049-49BB-AC9B-8B7E1286DE8A}",
            "tid": "{E59AEBB8-B654-40A9-991F-4D4BA4FEA2FB}",
            "mid": "{00000000-0000-0000-0000-000000000000}",
            "sortorder": "1200",
            "language": "en",
            "version": "1",
            "template": "base page",
            "parentid": "{5BB43E5D-E3AB-4E46-A7AF-B6915A3FB61C}",
            "created": "20161227T181613Z"
        },
        "fields": {
            "field": [
                {
                    "$": {
                        "tfid": "{C43496CC-BCCA-46FA-B503-EE24B9610E85}",
                        "key": "page visibility",
                        "type": "Droplink"
                    },
                    "content": "{6484E04F-1CDE-4525-8BB7-FE78599E13C5}"
                },
                {
                    "$": {
                        "tfid": "{D9CF14B1-FA16-4BA6-9288-E8A174D4D522}",
                        "key": "__updated",
                        "type": "datetime"
                    },
                    "content": "20190923T162631Z"
                },
                {
                    "$": {
                        "tfid": "{52807595-0F8F-4B20-8D2A-CB71D28C6103}",
                        "key": "__owner",
                        "type": "Single-Line Text"
                    },
                    "content": "airgroup\\bshields"
                },
                {
                    "$": {
                        "tfid": "{25BED78C-4957-4165-998A-CA1B52F67497}",
                        "key": "__created",
                        "type": "datetime"
                    },
                    "content": "20161227T181613Z"
                },
                {
                    "$": {
                        "tfid": "{001DD393-96C5-490B-924A-B0F25CD9EFD8}",
                        "key": "__lock",
                        "type": "Multi-Line Text"
                    },
                    "content": "<r />"
                },
                {
                    "$": {
                        "tfid": "{FE60ABDA-5A9C-47EE-8DCE-92C08EF66B69}",
                        "key": "browser title",
                        "type": "Single-Line Text"
                    },
                    "content": " Historical Overview | Alaska Airlines"
                },
                {
                    "$": {
                        "tfid": "{8CDC337E-A112-42FB-BBB4-4143751E123F}",
                        "key": "__revision",
                        "type": "Single-Line Text"
                    },
                    "content": "43ed7cca-7c7e-4337-89fb-da1414e1453b"
                },
                {
                    "$": {
                        "tfid": "{BADD9CF9-53E0-4D0C-BCC0-2D784C282F6A}",
                        "key": "__updated by",
                        "type": "Single-Line Text"
                    },
                    "content": "sitecore\\ccurtis"
                },
                {
                    "$": {
                        "tfid": "{45226728-8EAA-494A-8B65-2C791AEEC5AC}",
                        "key": "description",
                        "type": "Multi-Line Text"
                    },
                    "content": "Want to know about the history of Alaska Airlines? Start here to find out about our roots.\r\n"
                },
                {
                    "$": {
                        "tfid": "{43F10AA4-A303-45C0-A5E9-24F37CFD1672}",
                        "key": "page name for tagging tracking",
                        "type": "Single-Line Text"
                    },
                    "content": "history : history-overview"
                },
                {
                    "$": {
                        "tfid": "{04BF00DB-F5FB-41F7-8AB7-22408372A981}",
                        "key": "__final renderings",
                        "type": "Layout"
                    },
                    "content": "<r xmlns:p=\"p\" xmlns:s=\"s\" p:p=\"1\" s:xsd=\"http://www.w3.org/2001/XMLSchema\"><d id=\"{FE5D7FDF-89C0-4D99-9AA3-B5FBD009C9F3}\"><r uid=\"{70013D0E-A38C-42AE-ABF3-FD919A97A80A}\" p:before=\"*\" s:ds=\"{2260AD95-EF27-4786-943E-156B19F9C0D7}\" s:id=\"{3673B5EC-AF94-4640-96A6-DFA2BD9CB1EB}\" s:ph=\"/content/2colA1_5ab9673b-af35-4044-8b1e-980c9f83b818\" /><r uid=\"{A805E4D4-AEB7-4459-970A-292A58AA99EF}\" p:after=\"r[@uid='{70013D0E-A38C-42AE-ABF3-FD919A97A80A}']\" s:ds=\"{7049BAA8-8D07-4F42-B1ED-5138ED4A1DAA}\" s:id=\"{3673B5EC-AF94-4640-96A6-DFA2BD9CB1EB}\" s:ph=\"/content/2colB1_5ab9673b-af35-4044-8b1e-980c9f83b818\" /><r uid=\"{3A8E377B-AB48-4901-9F96-21CA5DE510D5}\" p:after=\"r[@uid='{A805E4D4-AEB7-4459-970A-292A58AA99EF}']\" s:ds=\"{B8F66C1E-B49A-428A-A711-9284765530A9}\" s:id=\"{27E786D1-C44F-4F18-825B-0327548D9BD2}\" s:ph=\"/content/1colA1_317a0fe3-f154-4102-9d41-eb8c9380211c\" /><r uid=\"{317A0FE3-F154-4102-9D41-EB8C9380211C}\" p:after=\"r[@uid='{3A8E377B-AB48-4901-9F96-21CA5DE510D5}']\" s:ds=\"\" s:id=\"{3DC38551-7815-4DE9-B888-E88D2FEFE912}\" s:par=\"container=container\" s:ph=\"content\" /><r uid=\"{5AB9673B-AF35-4044-8B1E-980C9F83B818}\" p:after=\"*[1=2]\" s:ds=\"\" s:id=\"{69983CC3-11E7-4773-9746-B354154BEB67}\" s:par=\"container=container&amp;1col=col-sm-8 col-sm-push-4&amp;2col=col-sm-4 col-sm-pull-8\" s:ph=\"content\" /></d></r>"
                },
                {
                    "$": {
                        "tfid": "{EDC05BF7-AD79-4D02-9267-2208C3A42B41}",
                        "key": "page tracking",
                        "type": "Treelist"
                    },
                    "content": "{A635444F-F9C7-4523-A7B0-44DD1242A826}"
                },
                {
                    "$": {
                        "tfid": "{5DD74568-4D4B-44C1-B513-0AF5F4CDA34F}",
                        "key": "__created by",
                        "type": "Single-Line Text"
                    },
                    "content": "airgroup\\bshields"
                },
                {
                    "$": {
                        "tfid": "{BA3F86A2-4A1C-4D78-B63D-91C2779C1B5E}",
                        "key": "__sortorder",
                        "type": "Single-Line Text"
                    },
                    "content": "1200"
                }
            ]
        }
    }
}