{
    "item": {
        "$": {
            "name": "QF1901",
            "key": "qf1901",
            "id": "{3BFA6827-F63B-4B71-8919-EB8D3776DDE5}",
            "tid": "{3515DFA5-C29B-43C6-89BC-3BCCC02DB3F8}",
            "mid": "{00000000-0000-0000-0000-000000000000}",
            "sortorder": "100",
            "language": "en",
            "version": "2",
            "template": "custompromo",
            "parentid": "{C5FDFA1C-0C1A-4FBB-80F6-AE8FEC232151}",
            "created": "20190326T195757Z"
        },
        "fields": {
            "field": [
                {
                    "$": {
                        "tfid": "{B8F42732-9CB8-478D-AE95-07E25345FB0F}",
                        "key": "__hide version",
                        "type": "checkbox"
                    },
                    "content": ""
                },
                {
                    "$": {
                        "tfid": "{5DD74568-4D4B-44C1-B513-0AF5F4CDA34F}",
                        "key": "__created by",
                        "type": "Single-Line Text"
                    },
                    "content": "sitecore\\JCarlon"
                },
                {
                    "$": {
                        "tfid": "{C8F93AFE-BFD4-4E8F-9C61-152559854661}",
                        "key": "__valid from",
                        "type": "datetime"
                    },
                    "content": "20190301T192400Z"
                },
                {
                    "$": {
                        "tfid": "{421162AE-0544-4BB6-BBB5-27BD5D36C87D}",
                        "key": "a",
                        "type": "Rich Text"
                    },
                    "content": ""
                },
                {
                    "$": {
                        "tfid": "{BADD9CF9-53E0-4D0C-BCC0-2D784C282F6A}",
                        "key": "__updated by",
                        "type": "Single-Line Text"
                    },
                    "content": "sitecore\\ccurtis"
                },
                {
                    "$": {
                        "tfid": "{8CDC337E-A112-42FB-BBB4-4143751E123F}",
                        "key": "__revision",
                        "type": "Single-Line Text"
                    },
                    "content": "d98c3121-a19f-4e94-828f-3803c83a6278"
                },
                {
                    "$": {
                        "tfid": "{D2D88CF4-BBB2-4E33-A119-57A4B9DEFEF7}",
                        "key": "terms",
                        "type": "Rich Text"
                    },
                    "content": "<p class=\"fine-print\">\n<strong>Double miles on Qantas offer terms and conditions:</strong></p>\n<p>Offer valid on flights operated by Qantas and marketed by Qantas or Alaska.  Flights must be credited to a Mileage Plan member&rsquo;s Mileage Plan account. Members must register and book flights for this promotion from April 1st, through April 30th to receive double miles. Percentage of base miles earned can be viewed on the corresponding Qantas partner page. Double miles offer is valid only on qualifying paid nonstop flights between Los Angeles (LAX) and Brisbane (BNE), Melbourne (MEL) and Sydney (SYD); between San Francisco (SFO) and Melbourne (MEL) and Sydney (SYD); between New York (JFK) and Brisbane (BNE), Melbourne (MEL) and Sydney (SYD); between Dallas (DFW) and Sydney (SYD) from May 1st, 2019, through December 6th, 2019. All travel must be completed by December 6th, 2019. Not valid on free or award travel. Double miles do not count toward Mileage Plan elite status. Please allow four to six weeks for miles to be credited to your Mileage Plan account. All terms and conditions of the Mileage Plan program apply. Offer subject to change without notice.</p>"
                },
                {
                    "$": {
                        "tfid": "{A5A02CF1-9D8D-4449-B904-5BDCF33ECC88}",
                        "key": "data",
                        "type": "Rich Text"
                    },
                    "content": "{\"id\":\"QF1901\", \"name\":\"Qantas Double Miles Promotion\", \"companyName\":\"Mileage Plan number and\", \"startDate\":\"4/01/2019\", \"endDate\":\"4/30/2019\", \"emailDomains\":[\"\"],\"RequireEmailValidation\":\"false\",\"promoName\":\"QF1901 Double Mile Promotion\", \"IsJoinOnly\":\"false\" }"
                },
                {
                    "$": {
                        "tfid": "{C3950F71-EF1E-4DD6-B356-780C544EDA93}",
                        "key": "logo",
                        "type": "Rich Text"
                    },
                    "content": "<img style=\"display:block;\" width=\"200\" src=\"-/media/4A1CC3AF26F449ECBC665B37DD3CEB3E\" alt=\"Alaska Mileage Plan\" />\n<img style=\"display:block; padding-top:20px;\" width=\"200\" src=\"//resource.alaskaair.net/-/media/Images/logos/partners/airlines/logo-qantas\" alt=\"Qantas Spirit of Australia logo\" />"
                },
                {
                    "$": {
                        "tfid": "{D5D5017F-50CD-42AB-84D8-A3974C9C0811}",
                        "key": "b",
                        "type": "Rich Text"
                    },
                    "content": "<!-- <strong>Content B</strong>\n<p>\nLorem ipsum dolor sit amet, consectetur adipiscing elit. Cras mi nunc, scelerisque sit amet finibus ut, tempus vel nisl. Etiam odio lorem, efficitur suscipit dignissim quis, posuere at neque. Donec dictum justo eget tortor cursus, ac iaculis nisi facilisis. Suspendisse hendrerit posuere tortor. Suspendisse quis mollis ex. Ut viverra vel nibh id eleifend. Suspendisse potenti.\n</p>  -->"
                },
                {
                    "$": {
                        "tfid": "{001DD393-96C5-490B-924A-B0F25CD9EFD8}",
                        "key": "__lock",
                        "type": "Multi-Line Text"
                    },
                    "content": "<r />"
                },
                {
                    "$": {
                        "tfid": "{1F6751F2-9550-47F6-BF82-B5DFA9282650}",
                        "key": "intro",
                        "type": "Rich Text"
                    },
                    "content": "<h1>Escape to Australia on Qantas and earn double miles.</h1>\n<p>Did you know that you can now book Qantas flights to Australia right here on our website?  You can! Just <a href=\"https://www.alaskaair.com/planbook\">shop for flights</a> to cities like Melbourne, Sydney, or Brisbane, and you&rsquo;ll see Qantas flights included in our search results, ready to buy.</p>\n<p>To celebrate this milestone, we&rsquo;re launching a limited time offer to earn double miles on select Qantas flights to Australia.</p>\n<p>Between May 1, 2019 and December 6, 2019, earn double miles on qualifying flights to Australia from Los Angeles, San Francisco, New York, and Dallas. This offer is available whether you book your flight <a href=\"https://www.alaskaair.com/planbook\">on our website</a> or with <a href=\"https://www.qantas.com/us/en.html\" target=\"_blank\">Qantas  <span class=\"sr-only\">\"This indicates a link to an external site that may not meet accessibility guidelines.\"</span><span title=\"This indicates a link to an external site that may not meet accessibility guidelines.\"><sup><em class=\"stepout-icon blue\"></em></sup></span></a>.</p>\n<p>Here's how it works:</p>\n<ol>\n    <li>Register your Mileage Plan&trade; number below, and book your flight <a href=\"https://www.alaskaair.com/planbook\">here</a> or at the <a href=\"https://www.qantas.com/us/en.html\" target=\"_blank\">Qantas website <span class=\"sr-only\">\"This indicates a link to an external site that may not meet accessibility guidelines.\"</span><span title=\"This indicates a link to an external site that may not meet accessibility guidelines.\"><sup><em class=\"stepout-icon blue\"></em></sup></span></a> by April 30, 2019.</li>\n    <li>Between May 1, 2019 and December 6, 2019, fly on Qantas between the cities listed below.</li>\n    <li>Double miles are credited to your Mileage Plan account within 4-6 weeks.</li>\n</ol>\n<br />\n<h4>Which Qantas flights qualify for this double miles offer?</h4>\n<h5>Departures between:</h5>\n<ul>\n    <li style=\"list-style-type:none;\"><strong>Los Angeles (LAX)</strong> and Brisbane (BNE), Melbourne (MEL), Sydney (SYD)</li>\n    <br />\n    <li style=\"list-style-type:none;\"><strong>San Francisco (SFO)</strong> and Melbourne (MEL), Sydney (SYD)</li>\n    <br />\n    <li style=\"list-style-type:none;\"><strong>New York (JFK)</strong> and Brisbane (BNE), Melbourne (MEL), Sydney (SYD)</li>\n    <br />\n    <li style=\"list-style-type:none;\"><strong>Dallas (DFW)</strong> and Sydney (SYD)</li>\n</ul>\n<br />\n<p>Book your flight at the <a href=\"https://www.qantas.com/us/en.html\" target=\"_blank\">Qantas website <span class=\"sr-only\">\"This indicates a link to an external site that may not meet accessibility guidelines.\"</span><span title=\"This indicates a link to an external site that may not meet accessibility guidelines.\"><sup><em class=\"stepout-icon blue\"></em></sup></span></a>.</p>\n<p>Learn more about our Mileage Plan partnership with <a href=\"//www.alaskaair.com/content/mileage-plan/how-to-earn-miles/airline-partners/qantas\">Qantas</a>.</p>\n<p><a href=\"#register-form\"></a></p>\n<a href=\"#register-form\">\n</a><a name=\"register-form\"></a>"
                },
                {
                    "$": {
                        "tfid": "{2446FFE8-6940-4AB0-A93D-C4B7F99243E3}",
                        "key": "hero",
                        "type": "Rich Text"
                    },
                    "content": "<style>\n    .heroContainer {\n    margin: 0px 0px 20px 0px!important;\n    }\n</style>\n<!---<img src=\"//resource.alaskaair.net/-/media/Images/campaigns/reg-promo/uw-acq/DesktopImage\" alt=\"Alaska Airlines aircraft in flight\" />---><br />"
                },
                {
                    "$": {
                        "tfid": "{25BED78C-4957-4165-998A-CA1B52F67497}",
                        "key": "__created",
                        "type": "datetime"
                    },
                    "content": "20190301T192421Z"
                },
                {
                    "$": {
                        "tfid": "{52807595-0F8F-4B20-8D2A-CB71D28C6103}",
                        "key": "__owner",
                        "type": "Single-Line Text"
                    },
                    "content": "sitecore\\evotch"
                },
                {
                    "$": {
                        "tfid": "{D9CF14B1-FA16-4BA6-9288-E8A174D4D522}",
                        "key": "__updated",
                        "type": "datetime"
                    },
                    "content": "20190530T210256Z"
                },
                {
                    "$": {
                        "tfid": "{E0466C9C-44D0-4EAA-A4CB-F0255F61BF52}",
                        "key": "c",
                        "type": "Rich Text"
                    },
                    "content": ""
                }
            ]
        }
    }
}