{
    "item": {
        "$": {
            "name": "Route Map",
            "key": "route map",
            "id": "{2BC6537A-901E-4E1F-BA90-EEA2357A94F5}",
            "tid": "{A87A00B1-E6DB-45AB-8B54-636FEC3B5523}",
            "mid": "{00000000-0000-0000-0000-000000000000}",
            "sortorder": "700",
            "language": "en",
            "version": "1",
            "template": "folder",
            "parentid": "{AA19C275-E1BF-43A8-AA0D-69B10150B3B4}",
            "created": "20180815T141025Z"
        },
        "fields": {
            "field": [
                {
                    "$": {
                        "tfid": "{BADD9CF9-53E0-4D0C-BCC0-2D784C282F6A}",
                        "key": "__updated by",
                        "type": "Single-Line Text"
                    },
                    "content": "sitecore\\unicorn"
                },
                {
                    "$": {
                        "tfid": "{8CDC337E-A112-42FB-BBB4-4143751E123F}",
                        "key": "__revision",
                        "type": "Single-Line Text"
                    },
                    "content": "1641a2e2-8d31-4c72-821d-9df6d5e5e3e0"
                },
                {
                    "$": {
                        "tfid": "{25BED78C-4957-4165-998A-CA1B52F67497}",
                        "key": "__created",
                        "type": "datetime"
                    },
                    "content": "20180808T211814Z"
                },
                {
                    "$": {
                        "tfid": "{D9CF14B1-FA16-4BA6-9288-E8A174D4D522}",
                        "key": "__updated",
                        "type": "datetime"
                    },
                    "content": "20180815T141026Z"
                },
                {
                    "$": {
                        "tfid": "{BA3F86A2-4A1C-4D78-B63D-91C2779C1B5E}",
                        "key": "__sortorder",
                        "type": "Single-Line Text"
                    },
                    "content": "700"
                }
            ]
        }
    }
}