{
    "item": {
        "$": {
            "name": "QF1901",
            "key": "qf1901",
            "id": "{3BFA6827-F63B-4B71-8919-EB8D3776DDE5}",
            "tid": "{3515DFA5-C29B-43C6-89BC-3BCCC02DB3F8}",
            "mid": "{00000000-0000-0000-0000-000000000000}",
            "sortorder": "100",
            "language": "en",
            "version": "1",
            "template": "custompromo",
            "parentid": "{C5FDFA1C-0C1A-4FBB-80F6-AE8FEC232151}",
            "created": "20190326T195757Z"
        },
        "fields": {
            "field": [
                {
                    "$": {
                        "tfid": "{E0466C9C-44D0-4EAA-A4CB-F0255F61BF52}",
                        "key": "c",
                        "type": "Rich Text"
                    },
                    "content": " <strong>Sucessful registration + qualifying residency = You're ready to fly! </strong>\n<p>Remember, your Mileage Plan account needs show that you live in one of the eligible states listed below in order for flights to count towards this status challenge.</p>\n\n<!-- <p>Not sure what mailing address is attached to your Mileage Plan account?</p> \n<ul>\n<li><a href=\"https://www.alaskaair.com/www2/ssl/myalaskaair/MyAlaskaAir.aspx\">Log in to your account</a></li>\n<li>From the \"Overview and tier status\" page, select \"My info and subscriptions\" from the options on the left.</li>\n<li>Then select \"address\" from the tab options in the middle of the page.</li></ul>-->\n"
                },
                {
                    "$": {
                        "tfid": "{D9CF14B1-FA16-4BA6-9288-E8A174D4D522}",
                        "key": "__updated",
                        "type": "datetime"
                    },
                    "content": "20190326T214132Z"
                },
                {
                    "$": {
                        "tfid": "{52807595-0F8F-4B20-8D2A-CB71D28C6103}",
                        "key": "__owner",
                        "type": "Single-Line Text"
                    },
                    "content": "sitecore\\evotch"
                },
                {
                    "$": {
                        "tfid": "{25BED78C-4957-4165-998A-CA1B52F67497}",
                        "key": "__created",
                        "type": "datetime"
                    },
                    "content": "20170811T164040Z"
                },
                {
                    "$": {
                        "tfid": "{2446FFE8-6940-4AB0-A93D-C4B7F99243E3}",
                        "key": "hero",
                        "type": "Rich Text"
                    },
                    "content": "<style>\n    .heroContainer img {\n    width: 100%;\n    max-height: 400px;\n    }\n</style>\n<img src=\"-/media/2FA977947BC3437195E585B8E868D8CD\" alt=\"Coast to Elite Challenge\" />"
                },
                {
                    "$": {
                        "tfid": "{1F6751F2-9550-47F6-BF82-B5DFA9282650}",
                        "key": "intro",
                        "type": "Rich Text"
                    },
                    "content": "\n<h1>Coast to elite status after just two trips.</h1>\n<p>Earn Mileage Plan&trade; MVP<sup>®</sup> status after just 2 round trips, or MVP&trade; Gold status after 4 round trips on qualifying coast to coast flights when you travel with us March 6 &mdash; May 31, 2019  .</p>  \n\n<p>For a limited time, Mileage Plan&trade; members in select states can earn elite status more quickly with our Coast to Elite challenge.</p>\n<p>Enjoy sweeter rewards coast-to-coast with <a href=\"//www.alaskaair.com/content/mileage-plan/membership-benefits\">the benefits of elite status</a>. Elite status includes access to complimentary upgrades when available, free checked bags, priority check-in and boarding.  You'll earn miles quicker with elite bonuses on base miles earned.  </p>\n\n<p>Here's how it works:</p>\n<ol>\n    <li>Register your Mileage Plan number below before your first qualifying flight. </li>\n    <li>Be a resident of California, Connecticut, Florida, Maryland, Massachusetts, New York, New Jersey, North Carolina, Pennsylvania, Virginia, or District of Columbia.</li>\n<li>Between March 6 and May 31, 2019, fly nonstop on Alaska Airlines between the cities listed below.</li>\n<ul>\n<li>You'll earn MVP<sup>®</sup> status after 2 round trips (4 qualifying flights)</li>\n<li>You'll earn MVP<sup>®</sup> Gold status after 4 round trips (8 qualifying flights)</li>\n</ul>\n</ol>\n<br/>\n<h4>Which nonstop flights qualify for this offer?</h4>\n\n<h5>West Coast departures between:</h5>\n<ul>\n<li style=\"list-style-type:none;\"><strong>Los Angeles (LAX)</strong> and Baltimore (BWI), Boston (BOS), Fort Lauderdale (FLL), New York (JFK), Newark (EWR), Philadelphia (PHL), Washington-Dulles (IAD), or Washington-Reagan (DCA)</li><br/>\n<li style=\"list-style-type:none;\"><strong>San Diego (SAN)</strong> and Baltimore (BWI), Boston (BOS), Newark (EWR), or Orlando (MCO)</li><br/>\n<li style=\"list-style-type:none;\"><strong>San Francisco (SFO)</strong> and Baltimore (BWI), Boston (BOS), Fort Lauderdale (FLL), New York (JFK), Newark (EWR), Orlando (MCO), Philadelphia (PHL), Raleigh (RDU), Washington-Dulles (IAD), or Washington-Reagan (DCA)</li><br/>\n<li style=\"list-style-type:none;\"><strong>San Jose (SJC)</strong> and New York (JFK) or Newark (EWR)</li>\n</ul><br/>\n<h5>East Coast departures between:</h5>\n<ul>\n<li style=\"list-style-type:none\"><strong>New York (JFK)</strong> and Los Angeles (LAX),  San Francisco (SFO), or San Jose (SJC)</li><br/>\n<li style=\"list-style-type:none;\"><strong>Newark (EWR)</strong> and Los Angeles (LAX), San Diego (SAN), San Francisco (SFO), or San Jose (SJC)</li>  <br/>\n<li style=\"list-style-type:none;\"><strong>Baltimore (BWI)</strong> and Los Angeles (LAX), San Diego (SAN), or San Francisco (SFO)</li><br/>\n<li style=\"list-style-type:none;\"><strong>Boston (BOS)</strong> and Los Angeles (LAX), San Diego (SAN), or San Francisco (SFO)</li><br/>\n<li style=\"list-style-type:none;\"><strong>Fort Lauderdale (FLL)</strong> and Los Angeles (LAX) or San Francisco (SFO)</li><br/>\n<li style=\"list-style-type:none;\"><strong>Orlando (MCO)</strong> and  San Diego (SAN), or San Francisco (SFO)</li><br/>\n<li style=\"list-style-type:none;\"><strong>Philadelphia (PHL)</strong> and Los Angeles (LAX) or San Francisco (SFO)</li><br/>\n<li style=\"list-style-type:none;\"><strong>Washington-Dulles (IAD)</strong> and Los Angeles (LAX) or San Francisco (SFO)</li><br/>\n<li style=\"list-style-type:none;\"><strong>Washington-Reagan (DCA)</strong> and Los Angeles (LAX) or San Francisco (SFO)</li>\n</ul>\n<br/>\n\n<p><a href=\"#register-form\"></p>\n<a name=\"register-form\"></a>"
                },
                {
                    "$": {
                        "tfid": "{D5D5017F-50CD-42AB-84D8-A3974C9C0811}",
                        "key": "b",
                        "type": "Rich Text"
                    },
                    "content": "<!-- <strong>Content B</strong>\n<p>\nLorem ipsum dolor sit amet, consectetur adipiscing elit. Cras mi nunc, scelerisque sit amet finibus ut, tempus vel nisl. Etiam odio lorem, efficitur suscipit dignissim quis, posuere at neque. Donec dictum justo eget tortor cursus, ac iaculis nisi facilisis. Suspendisse hendrerit posuere tortor. Suspendisse quis mollis ex. Ut viverra vel nibh id eleifend. Suspendisse potenti.\n</p>  -->"
                },
                {
                    "$": {
                        "tfid": "{C3950F71-EF1E-4DD6-B356-780C544EDA93}",
                        "key": "logo",
                        "type": "Rich Text"
                    },
                    "content": "<img style=\"display:block;\" width=\"200\" src=\"-/media/4A1CC3AF26F449ECBC665B37DD3CEB3E\" alt=\"Alaska Mileage Plan\">"
                },
                {
                    "$": {
                        "tfid": "{A5A02CF1-9D8D-4449-B904-5BDCF33ECC88}",
                        "key": "data",
                        "type": "Rich Text"
                    },
                    "content": "{\"id\":\"AS1904\", \"name\":\"Coast to Elite Challenge\", \"companyName\":\"Mileage Plan number and\", \"startDate\":\"2/25/2019\", \"endDate\":\"5/31/2019\", \"emailDomains\":[\"\"],\"RequireEmailValidation\":\"false\",\"promoName\":\"AS1904 Coast to Elite Challenge\", \"IsJoinOnly\":\"false\" }"
                },
                {
                    "$": {
                        "tfid": "{D2D88CF4-BBB2-4E33-A119-57A4B9DEFEF7}",
                        "key": "terms",
                        "type": "Rich Text"
                    },
                    "content": "<p class=\"fine-print\">\n<strong>Only  Mileage Plan&trade; members in New York, California, New Jersey, Connecticut, Massachusetts, Pennsylvania, Maryland, Virginia, District of Columbia, North Carolina, and Florida, as indicated by the address attached to their Mileage Plan account are eligible for this offer.</strong></p>\n<p>Eligible members who register for this promotion before their first qualifying flight will receive 2019 MVP<sup>&reg;</sup> status after flying 4 qualifying flights and 2019 MVP<sup>&reg;</sup> Gold status after flying 8 qualifying flights within the promotional period. Qualifying flights must take place between March 6 and May 31, 2019. Qualifying flights must be marketed and operated by Alaska Airlines and nonstop between Los Angeles (LAX) and Baltimore (BWI), Boston (BOS), Fort Lauderdale (FLL), New York (JFK), Newark (EWR), Philadelphia (PHL), Washington-Dulles (IAD), or Washington-Reagan (DCA); Between San Diego (SAN) and Baltimore (BWI), Boston (BOS), Newark (EWR), or Orlando (MCO); Between San Francisco (SFO) and Baltimore (BWI), Boston (BOS), Fort Lauderdale (FLL), New York (JFK), Newark (EWR), Orlando (MCO), Philadelphia (PHL), Raleigh (RDU), Washington-Dulles (IAD), or Washington-Reagan (DCA); Between San Jose (SJC) and New York (JFK) or Newark (EWR).  Mileage for qualifying flights must be credited to the member's Mileage Plan account. Not valid on free or award travel. 2019 elite status will be awarded within four to six weeks of qualifying activity posting to a member's account, and will be valid through December 31, 2019. All terms and conditions of the Mileage Plan program apply. Offer subject to change without notice.</p>"
                },
                {
                    "$": {
                        "tfid": "{8CDC337E-A112-42FB-BBB4-4143751E123F}",
                        "key": "__revision",
                        "type": "Single-Line Text"
                    },
                    "content": "d17ebdfb-165d-4a57-ae6e-0e270578a5be"
                },
                {
                    "$": {
                        "tfid": "{BADD9CF9-53E0-4D0C-BCC0-2D784C282F6A}",
                        "key": "__updated by",
                        "type": "Single-Line Text"
                    },
                    "content": "sitecore\\ccurtis"
                },
                {
                    "$": {
                        "tfid": "{421162AE-0544-4BB6-BBB5-27BD5D36C87D}",
                        "key": "a",
                        "type": "Rich Text"
                    },
                    "content": ""
                },
                {
                    "$": {
                        "tfid": "{C8F93AFE-BFD4-4E8F-9C61-152559854661}",
                        "key": "__valid from",
                        "type": "datetime"
                    },
                    "content": "20190226T190000Z"
                },
                {
                    "$": {
                        "tfid": "{5DD74568-4D4B-44C1-B513-0AF5F4CDA34F}",
                        "key": "__created by",
                        "type": "Single-Line Text"
                    },
                    "content": "sitecore\\evotch"
                },
                {
                    "$": {
                        "tfid": "{B8F42732-9CB8-478D-AE95-07E25345FB0F}",
                        "key": "__hide version",
                        "type": "checkbox"
                    },
                    "content": "1"
                }
            ]
        }
    }
}